Indiv;PhCode;Species;Ph.NbSy;Ph.Rythme;Ph.Du;Ph.F0;Ph.Q50;NbPh
KA26783;KA26783R1P1Ph1;PDD;5;2.19;1.04;535.6;675.6;5
KA26783;KA26783R1P1Ph2;PDD;5;1.48;1.25;575.3;701.1;5
KA26783;KA26783R1P1Ph3;PDD;5;1.55;1.26;570.6;690.4;5
KA26783;KA26783R1P1Ph4;PDD;5;1.57;1.27;569.2;697.8;5
KA28077;KA28077R1P1Ph2;PDD;3;1.6;1.31;694.4;631.1;9
KA28077;KA28077R1P1Ph3;PDD;3;1.72;1.32;695.7;668.2;9
KA28077;KA28077R1P1Ph4;PDD;3;1.71;1.33;691;676.2;9
KA28077;KA28077R1P1Ph5;PDD;4;1.45;1.34;666.1;689.7;9
KA28077;KA28077R1P1Ph6;PDD;3;1.75;1.39;736.8;687;9
KA28077;KA28077R1P1Ph7;PDD;4;1.48;1.39;740.8;711.2;9
KA28077;KA28077R1P1Ph8;PDD;4;1.7;1.43;730.7;693.7;9
KA28077;KA28077R1P1Ph9;PDD;4;1.12;1.05;773.8;707.2;9
KA28080;KA28080R1P1Ph1;PDD;4;2.54;1.08;1002.6;806.1;4
KA28080;KA28080R1P1Ph2;PDD;5;1.84;1.26;583.4;792.6;4
KA28080;KA28080R1P1Ph3;PDD;5;2.11;1.25;593.5;783.9;4
KA28080;KA28080R1P1Ph4;PDD;5;2.04;1.25;562.5;769.8;4
KA28110;KA28110R1P1Ph1;PDD;5;1.77;1.19;565.83;665.93;6
KA28110;KA28110R1P1Ph2;PDD;5;1.27;1.33;588.1;628.5;6
KA28110;KA28110R1P1Ph3;PDD;5;2.14;1.17;564.5;662.1;6
KA28110;KA28110R1P1Ph4;PDD;5;1.63;1.3;683;679.6;6
KA28110;KA28110R1P1Ph5;PDD;5;1.82;1.34;623.7;696.4;6
KA28110;KA28110R1P1Ph6;PDD;5;1.68;1.33;684.3;707.2;6
KA28109;KA28109R1P1Ph1;PDD;4;1.2;1.08;470.3;536.9;6
KA28109;KA28109R1P1Ph2;PDD;4;1.14;1.23;625.8;627.8;6
KA28109;KA28109R1P1Ph3;PDD;4;1.3;1.23;641.2;651.3;6
KA28109;KA28109R1P1Ph4;PDD;4;1.44;1.25;655.4;654;6
KA28109;KA28109R1P1Ph5;PDD;4;1.45;1.26;657.4;650;6
KA28109;KA28109R1P1Ph6;PDD;4;1.45;1.27;645.9;645.9;6
KA28101;KA28101R1P1Ph1;PDD;5;1.68;1.04;335.7;661.4;5
KA28101;KA28101R1P1Ph2;PDD;5;0.98;1.6;765.7;699.8;5
KA28101;KA28101R1P1Ph3;PDD;6;1.27;1.38;615.7;737.5;5
KA28101;KA28101R1P1Ph4;PDD;6;1.53;1.39;973.7;728;5
KA28101;KA28101R1P1Ph5;PDD;6;1.51;1.42;614.3;715.9;5
KA28103;KA28103R1P1Ph1;PDD;5;1.99;1.31;434.7;432.6;4
KA28103;KA28103R1P1Ph2;PDD;6;1.39;1.56;486.5;500.6;4
KA28103;KA28103R1P1Ph3;PDD;5;1.5;1.57;608.9;536.3;4
KA28103;KA28103R1P1Ph4;PDD;6;1.55;1.58;651.3;577.3;4
KA28111;KA28111R1P1Ph1;PDD;4;2.27;1.2;638.5;700.5;15
KA28111;KA28111R1P1Ph2;PDD;4;1.56;1.45;681.6;697.1;15
KA28111;KA28111R1P1Ph3;PDD;5;1.63;1.46;685;685;15
KA28111;KA28111R1P1Ph4;PDD;5;1.54;1.45;635.9;680.3;15
KA28111;KA28111R1P1Ph5;PDD;4;1.6;1.45;660.1;680.9;15
KA28111;KA28111R1P1Ph6;PDD;4;1.69;1.48;646.6;681.6;15
KA28111;KA28111R1P1Ph7;PDD;4;1.54;1.48;647.3;682.3;15
KA28111;KA28111R1P1Ph8;PDD;4;1.56;1.5;654.7;676.2;15
KA28111;KA28111R1P1Ph9;PDD;5;1.34;1.5;687.7;703.1;15
KA28111;KA28111R1P1Ph10;PDD;4;1.46;1.5;668.8;686.3;15
KA28111;KA28111R1P1Ph11;PDD;4;1.56;1.51;690.4;691;15
KA28111;KA28111R1P1Ph12;PDD;5;1.2;1.51;672.9;685.6;15
KA28111;KA28111R1P1Ph13;PDD;3;1.66;1.52;689.7;696.4;15
KA28111;KA28111R1P1Ph14;PDD;5;1.49;1.51;681.6;691.7;15
KA28111;KA28111R1P1Ph15;PDD;3;1.56;1.53;672.2;713.9;15
KA28112;KA28112R1P1Ph2;PDD;5;1.7;1.49;679.6;736.1;11
KA28112;KA28112R1P1Ph3;PDD;5;1.81;1.5;678.2;738.1;11
KA28112;KA28112R1P1Ph4;PDD;5;1.83;1.5;677.6;762.4;11
KA28112;KA28112R1P1Ph5;PDD;5;1.76;1.51;656.7;762.4;11
KA28112;KA28112R1P1Ph6;PDD;5;1.78;1.5;636.5;737.5;11
KA28112;KA28112R1P1Ph7;PDD;5;1.74;1.54;650.7;769.1;11
KA28112;KA28112R1P1Ph8;PDD;5;1.62;1.52;670.2;767.1;11
KA28112;KA28112R1P1Ph9;PDD;5;1.57;1.54;683.6;783.9;11
KA28112;KA28112R1P1Ph10;PDD;5;1.67;1.55;669.5;774.5;11
KA28112;KA28112R1P1Ph11;PDD;5;1.88;1.55;682.3;770.4;11
KA28114;KA28114R1P1Ph1;PDD;5;1.79;1.03;1036.2;848.5;5
KA28114;KA28114R1P1Ph2;PDD;5;1.44;1.26;609.6;872.7;5
KA28114;KA28114R1P1Ph3;PDD;5;1.61;1.23;643.3;822.9;5
KA28114;KA28114R1P1Ph4;PDD;5;1.44;1.25;480.4;940;5
KA28114;KA28114R1P1Ph5;PDD;5;1.52;1.19;971.6;925.2;5
KA28115;KA28115R1P1Ph2;PDD;4;2.2;1.14;635.2;646.6;14
KA28115;KA28115R1P1Ph3;PDD;4;2.33;1.16;713.9;719.3;14
KA28115;KA28115R1P1Ph4;PDD;4;2.41;1.18;668.2;791.3;14
KA28115;KA28115R1P1Ph5;PDD;4;2.43;1.18;781.2;1078;14
KA28115;KA28115R1P1Ph6;PDD;4;2.5;1.2;797.4;1277.8;14
KA28115;KA28115R1P1Ph7;PDD;4;2.32;1.22;802.7;1065.8;14
KA28115;KA28115R1P1Ph8;PDD;4;2.4;1.21;1486.4;1368.7;14
KA28115;KA28115R1P1Ph9;PDD;4;2.2;1.24;701.1;1060.5;14
KA28115;KA28115R1P1Ph10;PDD;5;2.15;1.25;701.8;915.1;14
KA28115;KA28115R1P1Ph11;PDD;5;1.95;1.25;689;855.2;14
KA28115;KA28115R1P1Ph12;PDD;5;1.92;1.24;620.4;820.2;14
KA28115;KA28115R1P1Ph13;PDD;5;1.56;1.26;559.1;680.9;14
KA28115;KA28115R1P1Ph14;PDD;5;1.73;1.26;612.3;632.5;14
KA27174;KA27174R1P1Ph2;PDD;5;1.31;1.24;691.7;678.2;10
KA27174;KA27174R1P1Ph3;PDD;5;1.49;1.23;724;705.2;10
KA27174;KA27174R1P1Ph4;PDD;5;1.56;1.26;746.9;730.1;10
KA27174;KA27174R1P1Ph5;PDD;5;1.61;1.28;685;690.4;10
KA27174;KA27174R1P1Ph6;PDD;5;1.67;1.3;685.6;685.6;10
KA27174;KA27174R1P1Ph7;PDD;5;1.46;1.33;683;711.2;10
KA27174;KA27174R1P1Ph8;PDD;5;1.39;1.38;744.2;709.2;10
KA27174;KA27174R1P1Ph9;PDD;5;1.47;1.38;738.1;707.9;10
KA27174;KA27174R1P1Ph10;PDD;5;1.42;1.42;731.4;714.6;10
KA26783;KA26783R2P1Ph1;PDD;4;2.12;0.98;914.4;706.5;5
KA26783;KA26783R2P1Ph2;PDD;5;1.15;1.25;592.8;794.7;5
KA26783;KA26783R2P1Ph3;PDD;5;1.4;1.25;580;775.8;5
KA26783;KA26783R2P1Ph4;PDD;5;1.54;1.25;586.1;778.5;5
KA26783;KA26783R3P1Ph2;PDD;6;1.15;1.26;884.2;725.3;13
KA26783;KA26783R3P1Ph3;PDD;5;1.58;1.29;573.9;666.1;13
KA26783;KA26783R3P1Ph4;PDD;5;1.63;1.29;595.5;676.9;13
KA26783;KA26783R3P1Ph5;PDD;5;1.75;1.3;603.6;658.7;13
KA26783;KA26783R3P1Ph6;PDD;5;1.71;1.29;625.1;685;13
KA26783;KA26783R3P1Ph7;PDD;5;1.65;1.31;611;710.5;13
KA26783;KA26783R3P1Ph8;PDD;5;1.61;1.31;588.7;702.5;13
KA26783;KA26783R3P1Ph9;PDD;5;1.57;1.32;598.2;728;13
KA26783;KA26783R3P1Ph10;PDD;5;1.49;1.34;589.4;703.1;13
KA26783;KA26783R3P1Ph11;PDD;5;1.52;1.33;569.9;713.2;13
KA26783;KA26783R3P1Ph12;PDD;5;1.51;1.34;508;709.2;13
KA26783;KA26783R3P1Ph13;PDD;5;1.5;1.35;571.3;699.8;13
KA26783;KA26783R4P1Ph3;PDD;5;1.56;1.27;601.5;779.2;11
KA26783;KA26783R4P1Ph4;PDD;5;1.57;1.27;576.6;742.2;11
KA26783;KA26783R4P1Ph5;PDD;5;1.62;1.29;600.9;730.7;11
KA26783;KA26783R4P1Ph6;PDD;5;1.58;1.29;590.1;737.5;11
KA26783;KA26783R4P1Ph7;PDD;5;1.62;1.3;622.4;742.2;11
KA26783;KA26783R4P1Ph8;PDD;5;1.64;1.3;618.4;742.2;11
KA26783;KA26783R4P1Ph9;PDD;5;1.61;1.31;565.2;736.8;11
KA26783;KA26783R4P1Ph10;PDD;4;1.57;1.32;606.9;730.1;11
KA26783;KA26783R4P1Ph11;PDD;5;1.14;1.2;589.4;745.5;11
KA26783;KA26783R5P1Ph2;PDD;5;1.36;1.21;584.7;703.1;7
KA26783;KA26783R5P1Ph3;PDD;5;1.52;1.22;590.8;667.5;7
KA26783;KA26783R5P1Ph4;PDD;5;1.7;1.24;588.7;659.4;7
KA26783;KA26783R5P1Ph5;PDD;5;1.73;1.24;610.3;661.4;7
KA26783;KA26783R5P1Ph6;PDD;5;1.64;1.25;621.7;673.5;7
KA26783;KA26783R5P1Ph7;PDD;5;1.54;1.26;618.4;666.8;7
KA26783;KA26783R6P1Ph1;PDD;5;1.78;1.02;272.5;655.4;8
KA26783;KA26783R6P1Ph2;PDD;4;1.52;1.26;588.1;717.9;8
KA26783;KA26783R6P1Ph3;PDD;5;1.65;1.28;570.6;685;8
KA26783;KA26783R6P1Ph4;PDD;5;1.61;1.28;594.8;662.1;8
KA26783;KA26783R6P1Ph5;PDD;5;1.57;1.28;617.7;675.6;8
KA26783;KA26783R6P1Ph6;PDD;5;1.64;1.29;581;689;8
KA26783;KA26783R6P1Ph7;PDD;5;1.57;1.31;608.9;680.9;8
KA26783;KA26783R6P1Ph8;PDD;5;1.57;1.3;611;682.3;8
KA28077;KA28077R2P1Ph2;PDD;3;1.56;1.31;694.4;630.5;9
KA28077;KA28077R2P1Ph3;PDD;3;1.62;1.32;695.7;668.8;9
KA28077;KA28077R2P1Ph4;PDD;4;1.6;1.33;691;676.9;9
KA28077;KA28077R2P1Ph5;PDD;4;1.39;1.34;666.1;689.7;9
KA28077;KA28077R2P1Ph6;PDD;4;1.58;1.39;736.8;687;9
KA28077;KA28077R2P1Ph7;PDD;4;1.42;1.4;740.8;710.5;9
KA28077;KA28077R2P1Ph8;PDD;4;1.6;1.43;730.7;693.7;9
KA28077;KA28077R2P1Ph9;PDD;4;1.19;1.05;773.8;708.5;9
KA28077;KA28077R3P1Ph2;PDD;4;1.58;1.33;690.4;676.9;8
KA28077;KA28077R3P1Ph3;PDD;3;1.21;1.5;696.4;688.3;8
KA28077;KA28077R3P1Ph4;PDD;4;1.57;1.3;722;713.9;8
KA28077;KA28077R3P1Ph5;PDD;4;1.58;1.35;715.3;685.6;8
KA28077;KA28077R3P1Ph6;PDD;4;1.58;1.34;729.4;683;8
KA28077;KA28077R3P1Ph7;PDD;4;1.53;1.37;681.6;664.1;8
KA28077;KA28077R3P1Ph8;PDD;5;1.29;1.37;604.9;645.3;8
KA28077;KA28077R4P1Ph2;PDD;3;1.1;1.51;630.5;669.5;7
KA28077;KA28077R4P1Ph3;PDD;4;1.57;1.31;697.1;695.7;7
KA28077;KA28077R4P1Ph4;PDD;4;1.57;1.32;691.7;704.5;7
KA28077;KA28077R4P1Ph5;PDD;4;1.46;1.35;667.5;698.4;7
KA28077;KA28077R4P1Ph6;PDD;4;1.98;1.56;715.3;711.2;7
KA28077;KA28077R4P1Ph7;PDD;4;1.84;1.07;731.4;714.6;7
KA28077;KA28077R5P1Ph2;PDD;4;1.38;1.31;653.3;652.7;7
KA28077;KA28077R5P1Ph3;PDD;4;1.49;1.32;665.5;669.5;7
KA28077;KA28077R5P1Ph4;PDD;4;1.47;1.34;709.2;696.4;7
KA28077;KA28077R5P1Ph5;PDD;4;1.44;1.35;724;705.2;7
KA28077;KA28077R5P1Ph6;PDD;4;1.25;1.37;691;703.1;7
KA28077;KA28077R5P1Ph7;PDD;4;1.76;1.45;735.4;723.3;7
KA28080;KA28080R2P1Ph2;PDD;5;2.18;1.27;952.8;841.8;6
KA28080;KA28080R2P1Ph3;PDD;5;2.1;1.27;640.6;826.3;6
KA28080;KA28080R2P1Ph4;PDD;5;1.95;1.28;459.5;832.3;6
KA28080;KA28080R2P1Ph5;PDD;5;1.86;1.28;634.5;820.9;6
KA28080;KA28080R2P1Ph6;PDD;5;1.79;1.27;654.7;805.4;6
KA28080;KA28080R3P1Ph2;PDD;5;1.87;1.27;607.6;659.4;4
KA28080;KA28080R3P1Ph3;PDD;5;2;1.28;639.2;693.7;4
KA28080;KA28080R3P1Ph4;PDD;5;1.93;1.26;645.3;689;4
KA28080;KA28080R5P1Ph1;PDD;5;2.39;1.12;977;759.7;3
KA28080;KA28080R5P1Ph2;PDD;5;1.68;1.26;740.2;765.7;3
KA28080;KA28080R5P1Ph3;PDD;5;1.91;1.25;625.8;758.3;3
KA28080;KA28080R6P1Ph2;PDD;5;2.12;1.22;670.8;772.5;4
KA28080;KA28080R6P1Ph3;PDD;5;1.94;1.23;676.2;745.5;4
KA28080;KA28080R6P1Ph4;PDD;5;1.78;1.24;622.4;760.3;4
KA28080;KA28080R7P1Ph3;PDD;5;1.72;1.27;663.4;763;6
KA28080;KA28080R7P1Ph4;PDD;6;1.39;1.25;661.4;775.8;6
KA28080;KA28080R7P1Ph5;PDD;5;1.78;1.27;710.5;763;6
KA28109;KA28109R2P1Ph1;PDD;4;1.48;1.05;313.5;546.4;11
KA28109;KA28109R2P1Ph2;PDD;4;1.19;1.22;619.7;576;11
KA28109;KA28109R3P1Ph3;PDD;4;1.27;1.24;624.4;614.3;11
KA28109;KA28109R3P1Ph4;PDD;4;1.46;1.24;634.5;636.5;11
KA28109;KA28109R3P1Ph5;PDD;4;1.37;1.25;652;643.3;11
KA28109;KA28109R3P1Ph6;PDD;4;1.45;1.27;644.6;649.3;11
KA28109;KA28109R3P1Ph7;PDD;4;1.49;1.28;659.4;657.4;11
KA28109;KA28109R3P1Ph8;PDD;4;1.44;1.29;652;647.3;11
KA28109;KA28109R3P1Ph9;PDD;4;1.5;1.3;643.3;641.2;11
KA28109;KA28109R3P1Ph10;PDD;4;1.41;1.31;636.5;671.5;11
KA28109;KA28109R3P1Ph11;PDD;4;1.27;1.31;647.3;644.6;11
KA28109;KA28109R4P1Ph1;PDD;5;1.17;1.06;234.1;505.3;8
KA28109;KA28109R4P1Ph2;PDD;4;1.13;1.25;409.1;579.3;8
KA28109;KA28109R4P1Ph3;PDD;4;1.27;1.26;634.5;650.7;8
KA28109;KA28109R4P1Ph4;PDD;4;1.39;1.26;633.2;651.3;8
KA28109;KA28109R4P1Ph5;PDD;4;1.4;1.28;641.2;674.9;8
KA28109;KA28109R4P1Ph6;PDD;4;1.4;1.3;666.8;676.2;8
KA28109;KA28109R4P1Ph7;PDD;4;1.33;1.3;643.9;672.2;8
KA28109;KA28109R4P1Ph8;PDD;4;1.22;1.29;634.5;647.3;8
KA28109;KA28109R5P1Ph3;PDD;4;1.29;1.22;704.5;658.7;9
KA28109;KA28109R5P1Ph4;PDD;4;1.4;1.24;716.6;699.1;9
KA28109;KA28109R5P1Ph5;PDD;4;1.47;1.25;713.9;717.3;9
KA28109;KA28109R5P1Ph6;PDD;4;1.43;1.26;683;678.9;9
KA28109;KA28109R5P1Ph7;PDD;4;1.39;1.28;623.7;644.6;9
KA28109;KA28109R5P1Ph8;PDD;4;1.4;1.27;628.5;649.3;9
KA28109;KA28109R5P1Ph9;PDD;4;1.34;1.29;650.7;656;9
KA28109;KA28109R6P1Ph2;PDD;4;1.35;1.26;440.7;657.4;10
KA28109;KA28109R6P1Ph3;PDD;4;1.47;1.25;714.6;689;10
KA28109;KA28109R6P1Ph4;PDD;4;1.5;1.25;697.1;699.8;10
KA28109;KA28109R6P1Ph5;PDD;4;1.53;1.26;713.2;691.7;10
KA28109;KA28109R6P1Ph6;PDD;4;1.54;1.28;695.1;687.7;10
KA28109;KA28109R6P1Ph7;PDD;4;1.46;1.28;650;668.8;10
KA28109;KA28109R6P1Ph8;PDD;4;1.43;1.29;644.6;660.8;10
KA28109;KA28109R6P1Ph9;PDD;4;1.4;1.28;615;650;10
KA28109;KA28109R6P1Ph10;PDD;4;1.18;1.31;608.3;662.8;10
KA28109;KA28109R7P1Ph2;PDD;4;1.21;1.26;471;600.2;8
KA28109;KA28109R7P1Ph3;PDD;4;1.38;1.24;529.5;637.2;8
KA28109;KA28109R7P1Ph4;PDD;4;1.48;1.27;668.2;665.5;8
KA28109;KA28109R7P1Ph5;PDD;4;1.5;1.28;707.9;680.3;8
KA28109;KA28109R7P1Ph6;PDD;4;1.43;1.28;672.9;666.1;8
KA28109;KA28109R7P1Ph7;PDD;4;1.35;1.29;629.8;640.6;8
KA28109;KA28109R7P1Ph8;PDD;4;1.31;1.29;629.8;633.2;8
KA28101;KA28101R3P1Ph2;PDD;6;1.24;1.39;643.3;720;7
KA28101;KA28101R3P1Ph3;PDD;6;1.38;1.39;618.4;722.7;7
KA28101;KA28101R3P1Ph4;PDD;6;1.46;1.41;611;717.9;7
KA28101;KA28101R3P1Ph5;PDD;6;1.46;1.44;651;732;7
KA28101;KA28101R3P1Ph6;PDD;6;1.42;1.43;650.7;718.6;7
KA28101;KA28101R3P1Ph7;PDD;4;1.21;1.01;629.1;728.7;7
KA28101;KA28101R4P1Ph3;PDD;6;1.56;1.42;615.7;695.7;7
KA28101;KA28101R4P1Ph4;PDD;6;1.46;1.43;657.4;685.6;7
KA28101;KA28101R4P1Ph5;PDD;6;1.6;1.44;674.9;699.8;7
KA28101;KA28101R4P1Ph6;PDD;6;1.51;1.45;649.3;693.7;7
KA28101;KA28101R4P1Ph7;PDD;6;1.5;1.48;649.3;710.5;7
KA28101;KA28101R5P1Ph2;PDD;6;1.36;1.36;406.4;753.6;7
KA28101;KA28101R5P1Ph3;PDD;6;1.33;1.37;629.8;712.6;7
KA28101;KA28101R5P1Ph4;PDD;6;1.42;1.38;648;730.1;7
KA28101;KA28101R5P1Ph5;PDD;6;1.37;1.39;658.1;717.3;7
KA28101;KA28101R5P1Ph6;PDD;6;1.36;1.4;645.9;755.6;7
KA28101;KA28101R5P1Ph7;PDD;6;1.27;1.44;625.8;741.5;7
KA28101;KA28101R6P1Ph1;PDD;5;2.03;1.14;410.4;709.9;2
KA28101;KA28101R6P1Ph2;PDD;5;1.03;1.57;792.6;724.7;2
KA28103;KA28103R4P1Ph1;PDD;5;2.08;1.31;341.8;425.9;3
KA28103;KA28103R4P1Ph2;PDD;6;1.36;1.59;417.8;462.2;3
KA28103;KA28103R4P1Ph3;PDD;6;1.41;1.57;496.6;505.3;3
KA28103;KA28103R5P1Ph1;PDD;6;1.99;1.33;553.8;502.6;4
KA28103;KA28103R5P1Ph2;PDD;6;1.77;1.56;615;506.7;4
KA28103;KA28103R5P1Ph3;PDD;6;1.44;1.57;620.4;522.1;4
KA28103;KA28103R5P1Ph4;PDD;4;1.11;1.02;639.9;576;4
KA28103;KA28103R6P1Ph2;PDD;6;1.26;1.59;371.4;470.3;6
KA28103;KA28103R6P1Ph3;PDD;6;1.42;1.59;336.4;515.4;6
KA28103;KA28103R6P1Ph4;PDD;6;1.52;1.6;387.5;510.7;6
KA28103;KA28103R6P1Ph5;PDD;6;1.51;1.63;449.5;514.1;6
KA28103;KA28103R6P1Ph6;PDD;6;1.6;1.64;453.5;528.9;6
KA28111;KA28111R2P1Ph1;PDD;4;1.72;1.2;627.1;760.3;4
KA28111;KA28111R2P1Ph2;PDD;4;0.89;1.71;628.5;711.9;4
KA28111;KA28111R2P1Ph3;PDD;4;1.04;1.7;649.3;695.1;4
KA28111;KA28111R2P1Ph4;PDD;4;0.86;1.67;629.8;688.3;4
KA28111;KA28111R3P2Ph1;PDD;4;2.1;1.18;628.5;728;6
KA28111;KA28111R3P2Ph2;PDD;4;0.97;1.72;675.6;703.1;6
KA28111;KA28111R3P2Ph3;PDD;4;1.08;1.68;669.5;698.4;6
KA28111;KA28111R3P2Ph4;PDD;4;1.12;1.68;635.9;676.9;6
KA28111;KA28111R3P2Ph5;PDD;5;1.71;1.47;632.5;678.9;6
KA28111;KA28111R3P2Ph6;PDD;4;1.2;1.69;631.8;678.2;6
KA28111;KA28111R4P1Ph1;PDD;4;1.93;1.22;672.9;706.5;7
KA28111;KA28111R4P1Ph2;PDD;4;0.99;1.7;671.5;685.6;7
KA28111;KA28111R4P1Ph3;PDD;5;1.48;1.43;668.8;689;7
KA28111;KA28111R4P1Ph4;PDD;5;1.48;1.44;679.6;691.7;7
KA28111;KA28111R4P1Ph5;PDD;5;1.52;1.44;650.7;666.1;7
KA28111;KA28111R4P1Ph6;PDD;5;1.52;1.47;660.8;679.6;7
KA28111;KA28111R4P1Ph7;PDD;5;1.65;1.49;658.1;709.9;7
KA28111;KA28111R5P1Ph1;PDD;4;2.3;1.21;664.1;709.9;4
KA28111;KA28111R5P1Ph2;PDD;4;0.94;1.76;676.9;693.1;4
KA28111;KA28111R5P1Ph3;PDD;4;1;1.72;658.1;689;4
KA28111;KA28111R5P1Ph4;PDD;4;1.16;1.72;680.3;685;4
KA28112;KA28112R3P1Ph1;PDD;6;2.58;1.32;697.1;687;9
KA28112;KA28112R3P1Ph2;PDD;5;1.82;1.48;640.6;697.8;9
KA28112;KA28112R3P1Ph3;PDD;5;1.75;1.49;658.1;690.4;9
KA28112;KA28112R3P1Ph4;PDD;5;1.65;1.51;641.9;698.4;9
KA28112;KA28112R3P1Ph5;PDD;5;1.64;1.5;660.1;707.2;9
KA28112;KA28112R3P1Ph6;PDD;5;1.77;1.53;658.1;709.9;9
KA28112;KA28112R3P1Ph7;PDD;5;1.69;1.55;649.3;701.8;9
KA28112;KA28112R3P1Ph8;PDD;5;1.6;1.53;670.2;709.9;9
KA28112;KA28112R3P1Ph9;PDD;5;1.31;1.54;699.8;720;9
KA28112;KA28112R4P1Ph2;PDD;5;1.77;1.51;647.3;634.5;15
KA28112;KA28112R4P1Ph3;PDD;5;1.89;1.5;700.5;645.9;15
KA28112;KA28112R4P1Ph4;PDD;5;1.88;1.5;663.4;650;15
KA28112;KA28112R4P1Ph5;PDD;5;2.03;1.52;695.7;656.7;15
KA28112;KA28112R4P1Ph6;PDD;5;2.07;1.54;689;674.9;15
KA28112;KA28112R4P1Ph7;PDD;5;2.05;1.53;689;676.9;15
KA28112;KA28112R4P1Ph8;PDD;5;1.99;1.56;669.5;658.7;15
KA28112;KA28112R4P1Ph9;PDD;5;1.85;1.57;637.9;644.6;15
KA28112;KA28112R4P1Ph10;PDD;5;1.77;1.58;652.7;645.9;15
KA28112;KA28112R4P1Ph11;PDD;5;1.78;1.59;653.3;648.6;15
KA28112;KA28112R4P1Ph12;PDD;5;1.6;1.58;423.9;594.1;15
KA28112;KA28112R4P1Ph13;PDD;5;1.74;1.58;676.9;642.6;15
KA28112;KA28112R4P1Ph14;PDD;5;1.68;1.57;670.2;628.5;15
KA28112;KA28112R4P1Ph15;PDD;5;1.68;1.58;680.3;625.1;15
KA28112;KA28112R5P1Ph1;PDD;6;1.54;1.52;650;632.5;8
KA28112;KA28112R5P1Ph2;PDD;6;1.64;1.51;707.2;685;8
KA28112;KA28112R5P1Ph3;PDD;5;1.99;1.51;697.8;691.7;8
KA28112;KA28112R5P1Ph4;PDD;5;1.82;1.51;684.3;683;8
KA28112;KA28112R5P1Ph5;PDD;5;1.63;1.51;683.6;687;8
KA28112;KA28112R5P1Ph6;PDD;5;1.78;1.53;722;696.4;8
KA28112;KA28112R5P1Ph7;PDD;5;1.74;1.55;683.6;682.3;8
KA28112;KA28112R5P1Ph8;PDD;5;1.53;1.58;669.5;658.7;8
KA28113;KA28113R2P1Ph3;PDD;5;1.6;1.49;707.9;706.5;6
KA28113;KA28113R2P1Ph5;PDD;5;1.72;1.51;720.6;701.8;6
KA28113;KA28113R2P1Ph6;PDD;6;1.61;1.39;670.2;695.7;6
KA28114;KA28114R2P1Ph1;PDD;5;1.95;1.03;686.3;678.9;2
KA28114;KA28114R2P1Ph2;PDD;5;1.53;1.21;672.9;673.5;2
KA27174;KA27174R2P1Ph3;PDD;4;1.63;1.26;744.2;722;12
KA27174;KA27174R2P1Ph4;PDD;4;1.65;1.28;714.6;734.1;12
KA27174;KA27174R2P1Ph5;PDD;4;1.76;1.3;740.8;729.4;12
KA27174;KA27174R2P1Ph6;PDD;4;1.66;1.32;745.5;736.1;12
KA27174;KA27174R2P1Ph7;PDD;4;1.71;1.34;807.4;794.7;12
KA27174;KA27174R2P1Ph8;PDD;4;1.61;1.36;724.7;790.6;12
KA27174;KA27174R2P1Ph9;PDD;4;1.54;1.4;747.6;729.4;12
KA27174;KA27174R2P1Ph10;PDD;4;1.35;1.39;701.8;735.4;12
KA27174;KA27174R2P1Ph11;PDD;4;1.57;1.42;756.3;728;12
KA27174;KA27174R2P1Ph12;PDD;4;1.4;1.43;740.8;714.6;12
KA27174;KA27174R3P1Ph1;PDD;4;2.28;1.04;703.1;690.4;9
KA27174;KA27174R3P1Ph2;PDD;4;1.41;1.24;732.1;717.3;9
KA27174;KA27174R3P1Ph3;PDD;4;1.26;1.26;756.3;734.1;9
KA27174;KA27174R3P1Ph4;PDD;4;1.62;1.28;763;747.6;9
KA27174;KA27174R3P1Ph5;PDD;4;1.61;1.29;742.8;740.8;9
KA27174;KA27174R3P1Ph6;PDD;4;1.51;1.33;749.6;739.5;9
KA27174;KA27174R3P1Ph7;PDD;4;1.57;1.36;713.9;720.6;9
KA27174;KA27174R3P1Ph8;PDD;4;1.49;1.37;734.8;713.9;9
KA27174;KA27174R3P1Ph9;PDD;4;1.44;1.38;705.8;726.7;9
KA27174;KA27174R4P1Ph1;PDD;5;2.09;1.05;718.6;648;9
KA27174;KA27174R4P1Ph2;PDD;4;1.55;1.27;730.1;669.5;9
KA27174;KA27174R4P1Ph3;PDD;4;1.67;1.26;715.3;692.4;9
KA27174;KA27174R4P1Ph4;PDD;4;1.7;1.29;720.6;704.5;9
KA27174;KA27174R4P1Ph5;PDD;4;1.67;1.31;728;688.3;9
KA27174;KA27174R4P1Ph6;PDD;4;1.63;1.33;712.6;680.9;9
KA27174;KA27174R4P1Ph7;PDD;4;1.5;1.37;685.6;639.2;9
KA27174;KA27174R4P1Ph8;PDD;4;1.53;1.37;678.2;652;9
KA27174;KA27174R4P1Ph9;PDD;4;1.41;1.33;704.5;619;9
KA28115;KA28115R2P1Ph1;PDD;5;2.4;0.94;634.5;610.3;11
KA28115;KA28115R2P1Ph2;PDD;4;1.74;1.16;648;644.6;11
KA28115;KA28115R2P1Ph3;PDD;5;1.83;1.19;673.5;682.3;11
KA28115;KA28115R2P1Ph4;PDD;4;2.07;1.19;777.8;773.1;11
KA28115;KA28115R2P1Ph5;PDD;4;2.07;1.19;792.6;1055.7;11
KA28115;KA28115R2P1Ph6;PDD;4;2.04;1.19;773.8;1313.5;11
KA28115;KA28115R2P1Ph7;PDD;5;1.85;1.22;753.77;1578.6;11
KA28115;KA28115R2P1Ph8;PDD;5;1.93;1.23;715.12;1417.8;11
KA28115;KA28115R2P1Ph9;PDD;5;1.82;1.26;726;1427.2;11
KA28115;KA28115R2P1Ph10;PDD;5;1.8;1.27;766.4;1501.9;11
KA28115;KA28115R2P1Ph11;PDD;5;1.67;1.28;719.95;1438;11
KA28115;KA28115R3P1Ph2;PDD;4;1.7;1.16;672.9;657.4;10
KA28115;KA28115R3P1Ph3;PDD;4;2.06;1.16;665.5;662.8;10
KA28115;KA28115R3P1Ph4;PDD;4;1.31;1.18;660.8;695.1;10
KA28115;KA28115R3P1Ph5;PDD;4;2.13;1.19;650.7;757.6;10
KA28115;KA28115R3P1Ph6;PDD;4;2.02;1.2;639.9;773.8;10
KA28115;KA28115R3P1Ph7;PDD;4;1.93;1.2;697.8;1014;10
KA28115;KA28115R3P1Ph8;PDD;4;2.1;1.21;701.8;1020.1;10
KA28115;KA28115R3P1Ph9;PDD;5;1.92;1.22;666.8;757;10
KA28115;KA28115R3P1Ph10;PDD;5;1.8;1.24;594.8;639.2;10
KA28115;KA28115R5P1Ph1;PDD;5;2.6;0.94;598.8;664.1;5
KA28115;KA28115R5P1Ph2;PDD;5;1.82;1.2;614.3;739.5;5
KA28115;KA28115R5P1Ph3;PDD;5;1.99;1.21;696.4;857.9;5
KA28115;KA28115R5P1Ph4;PDD;5;1.97;1.23;687;814.8;5
KA28115;KA28115R5P1Ph5;PDD;5;1.74;1.24;657.4;776.5;5
KA26716;KA26716R1P1Ph1;PDD;4;2.15;1.23;516.7;578;20
KA26716;KA26716R1P1Ph2;PDD;4;1.79;1.4;683;620.4;20
KA26716;KA26716R1P1Ph3;PDD;4;1.92;1.39;702.5;639.2;20
KA26716;KA26716R1P1Ph4;PDD;4;2.1;1.42;707.9;643.3;20
KA26716;KA26716R1P1Ph5;PDD;4;2.04;1.42;720;660.8;20
KA26716;KA26716R1P1Ph6;PDD;4;2.18;1.43;695.1;659.4;20
KA26716;KA26716R1P1Ph7;PDD;4;2.27;1.44;709.2;677.6;20
KA26716;KA26716R1P1Ph8;PDD;4;1.96;1.45;711.9;652.7;20
KA26716;KA26716R1P1Ph9;PDD;4;1.98;1.45;702.5;635.2;20
KA26716;KA26716R1P1Ph10;PDD;4;1.93;1.45;716.6;633.8;20
KA26716;KA26716R1P1Ph11;PDD;4;1.96;1.48;558.5;671.5;20
KA26716;KA26716R1P1Ph12;PDD;4;1.79;1.47;648.6;639.2;20
KA26716;KA26716R1P1Ph13;PDD;4;1.69;1.48;670.2;635.9;20
KA26716;KA26716R1P1Ph14;PDD;4;1.75;1.47;662.8;635.2;20
KA26716;KA26716R1P1Ph15;PDD;4;1.82;1.49;564.5;658.1;20
KA26716;KA26716R1P1Ph16;PDD;4;1.75;1.47;716.6;661.4;20
KA26716;KA26716R1P1Ph17;PDD;4;1.61;1.48;595.5;639.2;20
KA26716;KA26716R1P1Ph18;PDD;4;1.76;1.48;697.1;648.6;20
KA26716;KA26716R1P1Ph19;PDD;4;1.76;1.49;666.1;644.6;20
KA26716;KA26716R1P1Ph20;PDD;4;1.68;1.49;704.5;639.2;20
KA26716;KA26716R1P2Ph1;PDD;5;2.15;1.3;515.4;592.1;8
KA26716;KA26716R1P2Ph2;PDD;4;1.81;1.43;684.3;664.1;8
KA26716;KA26716R1P2Ph3;PDD;4;1.93;1.42;685;668.8;8
KA26716;KA26716R1P2Ph4;PDD;4;1.94;1.42;677.6;676.9;8
KA26716;KA26716R1P2Ph5;PDD;4;1.98;1.43;667.5;674.2;8
KA26716;KA26716R1P2Ph6;PDD;4;1.95;1.44;660.8;663.4;8
KA26716;KA26716R1P2Ph7;PDD;4;1.88;1.43;654.7;657.4;8
KA26716;KA26716R1P2Ph8;PDD;4;1.79;1.45;666.8;650.7;8
KA26716;KA26716R1P3Ph1;PDD;5;2.34;1.27;520.1;603.6;7
KA26716;KA26716R1P3Ph2;PDD;4;1.8;1.43;676.9;674.9;7
KA26716;KA26716R1P3Ph3;PDD;4;1.94;1.4;701.1;666.8;7
KA26716;KA26716R1P3Ph4;PDD;4;2.01;1.39;652;657.4;7
KA26716;KA26716R1P3Ph5;PDD;4;1.98;1.41;655.4;664.1;7
KA26716;KA26716R1P3Ph6;PDD;4;1.92;1.41;646.6;654;7
KA26716;KA26716R1P3Ph7;PDD;4;1.75;1.4;672.9;655.4;7
KA26716;KA26716R2P1Ph1;PDD;4;2.12;1.2;536.9;604.9;26
KA26716;KA26716R2P1Ph2;PDD;4;1.78;1.41;675.6;664.8;26
KA26716;KA26716R2P1Ph3;PDD;4;1.88;1.4;691.7;656;26
KA26716;KA26716R2P1Ph4;PDD;4;2.08;1.41;702.5;653.3;26
KA26716;KA26716R2P1Ph5;PDD;4;1.93;1.4;680.9;643.3;26
KA26716;KA26716R2P1Ph6;PDD;4;1.97;1.44;720.6;646.6;26
KA26716;KA26716R2P1Ph7;PDD;4;1.87;1.43;691;648;26
KA26716;KA26716R2P1Ph8;PDD;4;1.86;1.46;652.7;658.7;26
KA26716;KA26716R2P1Ph9;PDD;4;2.07;1.47;739.5;656.7;26
KA26716;KA26716R2P1Ph10;PDD;4;2.01;1.48;726;662.8;26
KA26716;KA26716R2P1Ph11;PDD;4;2.01;1.47;736.1;713.9;26
KA26716;KA26716R2P1Ph12;PDD;4;2.01;1.47;558.5;645.9;26
KA26716;KA26716R2P1Ph13;PDD;4;1.7;1.47;543.7;628.5;26
KA26716;KA26716R2P1Ph14;PDD;4;1.82;1.48;691;639.9;26
KA26716;KA26716R2P1Ph15;PDD;4;1.9;1.48;602.9;641.2;26
KA26716;KA26716R2P1Ph16;PDD;4;1.59;1.49;611.6;641.9;26
KA26716;KA26716R2P1Ph17;PDD;4;1.79;1.51;683;626.4;26
KA26716;KA26716R2P1Ph18;PDD;4;1.78;1.48;611;643.3;26
KA26716;KA26716R2P1Ph19;PDD;4;1.9;1.5;617.7;624.4;26
KA26716;KA26716R2P1Ph20;PDD;4;1.8;1.49;603.6;623.7;26
KA26716;KA26716R2P1Ph21;PDD;4;1.64;1.5;611.6;621.7;26
KA26716;KA26716R2P1Ph22;PDD;4;1.68;1.5;576;619;26
KA26716;KA26716R2P1Ph23;PDD;4;1.72;1.49;526.2;621;26
KA26716;KA26716R2P1Ph24;PDD;4;1.84;1.49;709.9;632.5;26
KA26716;KA26716R2P1Ph25;PDD;4;1.63;1.5;704.5;633.8;26
KA26716;KA26716R2P1Ph26;PDD;4;1.66;1.48;508;629.8;26
KA26716;KA26716R2P2Ph1;PDD;4;2.3;1.27;510.7;552.4;10
KA26716;KA26716R2P2Ph2;PDD;4;1.87;1.43;497.9;633.8;10
KA26716;KA26716R2P2Ph3;PDD;4;1.99;1.43;703.1;643.9;10
KA26716;KA26716R2P2Ph4;PDD;4;1.89;1.41;699.1;652.7;10
KA26716;KA26716R2P2Ph5;PDD;4;2.05;1.43;680.9;658.7;10
KA26716;KA26716R2P2Ph6;PDD;4;1.97;1.43;677.6;645.9;10
KA26716;KA26716R2P2Ph7;PDD;4;1.97;1.43;699.8;658.1;10
KA26716;KA26716R2P2Ph8;PDD;4;1.88;1.44;661.4;652.7;10
KA26716;KA26716R2P2Ph9;PDD;4;1.86;1.43;674.9;638.5;10
KA26716;KA26716R2P2Ph10;PDD;4;1.75;1.45;648;646.6;10
KA26716;KA26716R2P3Ph1;PDD;4;2.3;1.27;512;528.2;8
KA26716;KA26716R2P3Ph2;PDD;4;1.9;1.41;504;640.6;8
KA26716;KA26716R2P3Ph3;PDD;4;2.03;1.41;667.5;662.1;8
KA26716;KA26716R2P3Ph4;PDD;4;2.05;1.4;674.2;661.4;8
KA26716;KA26716R2P3Ph5;PDD;4;2.06;1.41;651.3;652;8
KA26716;KA26716R2P3Ph6;PDD;4;2.01;1.41;664.1;655.4;8
KA26716;KA26716R2P3Ph7;PDD;4;1.86;1.41;666.1;646.6;8
KA26716;KA26716R3P1Ph1;PDD;4;2.37;1.26;475;578;16
KA26716;KA26716R3P1Ph2;PDD;4;1.63;1.4;701.8;643.3;16
KA26716;KA26716R3P1Ph3;PDD;4;1.88;1.4;699.8;658.7;16
KA26716;KA26716R3P1Ph4;PDD;4;1.97;1.42;691.7;675.6;16
KA26716;KA26716R3P1Ph5;PDD;4;2.04;1.43;717.9;678.2;16
KA26716;KA26716R3P1Ph6;PDD;4;2.02;1.44;735.4;738.8;16
KA26716;KA26716R3P1Ph7;PDD;4;1.81;1.45;680.3;680.9;16
KA26716;KA26716R3P1Ph8;PDD;4;1.84;1.44;701.1;701.1;16
KA26716;KA26716R3P1Ph9;PDD;4;2.04;1.44;685;674.2;16
KA26716;KA26716R3P1Ph10;PDD;4;1.94;1.47;721.3;680.3;16
KA26716;KA26716R3P1Ph11;PDD;4;1.69;1.47;721.3;676.9;16
KA26716;KA26716R3P1Ph12;PDD;4;1.8;1.48;722;675.6;16
KA26716;KA26716R3P1Ph13;PDD;4;1.78;1.48;703.8;672.9;16
KA26716;KA26716R3P1Ph14;PDD;4;1.74;1.48;723.3;675.6;16
KA26716;KA26716R3P1Ph15;PDD;4;1.65;1.49;680.3;668.8;16
KA26716;KA26716R3P1Ph16;PDD;4;1.69;1.48;674.9;672.9;16
KA26716;KA26716R3P2Ph1;PDD;5;1.98;1.28;650.7;606.2;8
KA26716;KA26716R3P2Ph2;PDD;4;1.69;1.42;574.6;627.1;8
KA26716;KA26716R3P2Ph3;PDD;4;1.9;1.4;674.2;669.5;8
KA26716;KA26716R3P2Ph4;PDD;4;1.79;1.41;576;662.1;8
KA26716;KA26716R3P2Ph5;PDD;4;1.55;1.43;549;624.4;8
KA26716;KA26716R3P2Ph6;PDD;4;1.72;1.45;687.7;631.8;8
KA26716;KA26716R3P2Ph7;PDD;4;1.66;1.44;577.3;621;8
KA26716;KA26716R3P3Ph1;PDD;5;1.99;1.27;639.2;559.1;9
KA26716;KA26716R3P3Ph2;PDD;4;1.66;1.39;495.2;615.7;9
KA26716;KA26716R3P3Ph3;PDD;4;1.84;1.38;677.6;635.9;9
KA26716;KA26716R3P3Ph4;PDD;4;1.96;1.39;654;635.9;9
KA26716;KA26716R3P3Ph5;PDD;4;1.9;1.39;623.7;637.2;9
KA26716;KA26716R3P3Ph6;PDD;4;1.93;1.39;627.1;639.2;9
KA26716;KA26716R3P3Ph7;PDD;4;2;1.4;615;625.8;9
KA26716;KA26716R3P3Ph8;PDD;4;1.74;1.42;618.4;627.1;9
KA28172;KA28172R1P1Ph1;PDD;4;1.93;1.12;563.2;600.2;8
KA28172;KA28172R1P1Ph2;PDD;4;1.59;1.27;652.7;654;8
KA28172;KA28172R1P1Ph3;PDD;4;1.72;1.25;699.1;684.3;8
KA28172;KA28172R1P1Ph4;PDD;4;1.76;1.25;685.6;699.8;8
KA28172;KA28172R1P1Ph5;PDD;4;1.87;1.25;697.1;703.8;8
KA28172;KA28172R1P1Ph6;PDD;4;1.77;1.26;681.6;694.4;8
KA28172;KA28172R1P1Ph7;PDD;4;1.78;1.29;689.7;703.1;8
KA28172;KA28172R1P1Ph8;PDD;4;1.79;1.29;676.2;670.8;8
KA28172;KA28172R1P2Ph1;PDD;4;2.05;1.15;629.1;642.6;4
KA28172;KA28172R1P2Ph2;PDD;4;1.72;1.28;672.2;683;4
KA28172;KA28172R1P2Ph3;PDD;4;1.86;1.25;696.4;714.6;4
KA28172;KA28172R1P2Ph4;PDD;4;1.75;1.25;710.5;715.9;4
KA28172;KA28172R1P3Ph1;PDD;4;1.98;1.13;606.9;610.3;6
KA28172;KA28172R1P3Ph2;PDD;4;1.69;1.26;676.2;685.6;6
KA28172;KA28172R1P3Ph3;PDD;4;1.86;1.24;695.1;701.8;6
KA28172;KA28172R1P3Ph4;PDD;4;1.89;1.24;715.3;720;6
KA28172;KA28172R1P3Ph5;PDD;4;1.89;1.25;708.5;729.4;6
KA28172;KA28172R1P3Ph6;PDD;4;1.87;1.26;738.1;737.5;6
KA28171;KA28171R1P2Ph1;PDD;4;1.65;1.33;428.6;516.7;6
KA28171;KA28171R1P2Ph2;PDD;4;1.67;1.63;475.7;557.1;6
KA28171;KA28171R1P2Ph3;PDD;4;1.82;1.6;676.2;633.8;6
KA28171;KA28171R1P2Ph4;PDD;4;1.93;1.66;704.5;626.4;6
KA28171;KA28171R1P2Ph5;PDD;4;1.99;1.68;705.2;645.3;6
KA28171;KA28171R2P4Ph1;PDD;4;1.48;1.38;403;547.7;5
KA28171;KA28171R2P4Ph2;PDD;4;1.52;1.61;635.2;635.9;5
KA28171;KA28171R2P4Ph3;PDD;4;1.68;1.63;677.6;676.9;5
KA28171;KA28171R2P4Ph4;PDD;4;1.7;1.61;687;701.8;5
KA28171;KA28171R3P1Ph1;PDD;4;1.83;1.35;437.3;474.4;7
KA28171;KA28171R3P1Ph2;PDD;4;1.68;1.58;481.1;516.7;7
KA28171;KA28171R3P1Ph3;PDD;4;1.89;1.56;709.2;565.2;7
KA28171;KA28171R3P1Ph4;PDD;4;1.94;1.58;724;635.9;7
KA28171;KA28171R3P1Ph5;PDD;4;1.83;1.64;705.2;594.8;7
KA28171;KA28171R3P1Ph6;PDD;4;1.75;1.68;705.2;626.4;7
KA28171;KA28171R3P2Ph1;PDD;4;1.6;1.4;511.4;456.2;2
KA28171;KA28171R3P3Ph1;PDD;4;1.81;1.4;296;466.3;2
KA28171;KA28171R3P3Ph2;PDD;4;1.63;2.09;484.4;584.7;2
KA28031;KA28031R1P1Ph2;PDD;4;1.28;1.28;711.2;680.9;4
KA28031;KA28031R1P1Ph3;PDD;4;1.39;1.29;677.6;684.3;4
KA28031;KA28031R1P1Ph4;PDD;4;1.42;1.32;682.3;683;4
KA26930;KA26930R1P1Ph1;PDD;5;1.36;0.97;392.9;534.9;10
KA26930;KA26930R1P1Ph2;PDD;5;1.3;1.15;360.6;608.9;10
KA26930;KA26930R1P1Ph3;PDD;5;1.51;1.16;499.3;620.4;10
KA26930;KA26930R1P1Ph4;PDD;5;1.66;1.13;431.3;642.6;10
KA26930;KA26930R1P1Ph5;PDD;4;1.59;1.15;637.9;641.9;10
KA26930;KA26930R1P1Ph6;PDD;5;1.67;1.16;645.3;645.9;10
KA26930;KA26930R1P1Ph7;PDD;4;1.63;1.16;638.5;641.2;10
KA26930;KA26930R1P1Ph8;PDD;5;1.74;1.17;649.3;657.4;10
KA26930;KA26930R1P1Ph9;PDD;4;1.65;1.2;652.7;674.9;10
KA26930;KA26930R1P2Ph1;PDD;5;1.74;1.02;489.2;579.3;8
KA26930;KA26930R1P2Ph2;PDD;5;1.41;1.15;494.5;640.6;8
KA26930;KA26930R1P2Ph3;PDD;5;1.54;1.15;678.9;653.3;8
KA26930;KA26930R1P2Ph4;PDD;5;1.65;1.15;656.7;661.4;8
KA26930;KA26930R1P2Ph5;PDD;5;1.73;1.17;660.8;664.8;8
KA26930;KA26930R1P2Ph6;PDD;5;1.73;1.18;661.4;678.2;8
KA26930;KA26930R1P2Ph7;PDD;5;1.67;1.2;676.2;687.7;8
KA26930;KA26930R2P1Ph1;PDD;5;1.41;0.96;372.7;586.1;9
KA26930;KA26930R2P1Ph2;PDD;5;1.28;1.14;558.5;604.9;9
KA26930;KA26930R2P1Ph3;PDD;5;1.48;1.14;618.4;606.9;9
KA26930;KA26930R2P1Ph4;PDD;4;1.63;1.14;654.7;630.5;9
KA26930;KA26930R2P1Ph5;PDD;4;1.64;1.15;629.1;634.5;9
KA26930;KA26930R2P1Ph6;PDD;5;1.81;1.15;623.1;621;9
KA26930;KA26930R2P1Ph7;PDD;4;1.79;1.16;652.7;635.2;9
KA26930;KA26930R2P1Ph8;PDD;4;1.68;1.17;650;645.9;9
KA26930;KA26930R2P1Ph9;PDD;5;1.68;1.19;641.2;658.1;9
KA26930;KA26930R2P2Ph1;PDD;5;1.54;1;308.1;547;5
KA26930;KA26930R2P2Ph2;PDD;5;1.39;1.17;525.5;613.6;5
KA26930;KA26930R2P2Ph3;PDD;5;1.59;1.16;653.3;643.3;5
KA26930;KA26930R2P2Ph4;PDD;5;1.75;1.18;650;660.1;5
KA26930;KA26930R2P2Ph5;PDD;5;1.39;1.16;664.1;672.2;5
GX24026;GX24026R1P1Ph1;PB;7;1.14;2.67;498.6;479.7;4
GX24026;GX24026R1P1Ph2;PB;7;1.16;3.03;534.9;504.6;4
GX24026;GX24026R1P1Ph3;PB;7;1.19;3.1;527.7;499.1;4
GX24026;GX24026R1P2Ph1;PB;7;1.1;2.72;492.2;481.8;4
GX24026;GX24026R1P2Ph2;PB;7;1.15;3.05;524.8;507.3;4
GX24026;GX24026R1P2Ph3;PB;7;1.15;3.18;530.4;510.7;4
GX24026;GX24026R2P1Ph1;PB;7;1.09;2.7;505.3;482.4;5
GX24026;GX24026R2P1Ph2;PB;7;1.22;3.06;524.1;506.3;5
GX24026;GX24026R2P1Ph3;PB;7;1.24;3.09;521.8;499.4;5
GX24026;GX24026R2P1Ph4;PB;7;1.22;3.24;509.8;497.4;5
GX24026;GX24026R2P1Ph5;PB;5;1.47;2.72;504.6;481.1;5
GX24026;GX24026R2P2Ph1;PB;7;1.12;2.8;447.1;474;5
GX24026;GX24026R2P2Ph2;PB;7;1.21;3.14;524.1;506.5;5
GX24026;GX24026R2P2Ph3;PB;7;1.23;3.21;520.8;501.6;5
GX24026;GX24026R2P2Ph4;PB;7;1.17;3.3;505;479.1;5
GX24026;GX24026R2P3Ph1;PB;7;1.14;2.85;488.5;472;3
GX24026;GX24026R2P3Ph2;PB;7;1.22;3.18;516.1;495.4;3
GX24026;GX24026R2P3Ph3;PB;7;1.19;3.24;511.4;490.5;3
GX24026;GX24026R2P4Ph1;PB;7;1.16;2.84;478.1;467.6;3
GX24026;GX24026R2P4Ph2;PB;7;1.2;3.14;525.3;492.2;3
GX26097;GX26097R1P1Ph2;PB;8;1.36;2.63;467.6;476.4;14
GX26097;GX26097R1P1Ph3;PB;8;1.41;2.66;495.6;487.5;14
GX26097;GX26097R1P1Ph4;PB;8;1.48;2.63;492.5;487.1;14
GX26097;GX26097R1P1Ph5;PB;7;1.55;2.54;510;476;14
GX26097;GX26097R1P1Ph6;PB;7;1.43;2.64;497.2;471.7;14
GX26097;GX26097R1P1Ph7;PB;7;1.39;2.65;488.1;460.2;14
GX26097;GX26097R1P1Ph8;PB;7;1.4;2.67;503.3;491.8;14
GX26097;GX26097R1P1Ph9;PB;8;1.45;2.7;506.3;476;14
GX26097;GX26097R1P1Ph10;PB;7;1.41;2.69;471.3;471.3;14
GX26097;GX26097R1P1Ph11;PB;8;1.26;2.66;481.8;479.7;14
GX26097;GX26097R1P1Ph14;PB;5;1.32;2.04;487.5;622.1;14
GX26097;GX26097R2P1Ph1;PB;8;1.43;2.36;460.9;439.7;5
GX26097;GX26097R2P1Ph2;PB;8;1.28;2.67;472.7;472.7;5
GX26097;GX26097R2P1Ph3;PB;8;1.38;2.66;474.7;473.3;5
GX26097;GX26097R2P1Ph4;PB;8;1.4;2.74;479.7;483.4;5
GX26097;GX26097R2P1Ph5;PB;7;1.37;2.36;437;407.1;5
GX26097;GX26097R2P2Ph1;PB;8;1.57;2.36;422.9;419.8;3
GX26097;GX26097R2P2Ph2;PB;8;1.37;2.63;465.6;454.2;3
GX26097;GX26097R2P2Ph3;PB;8;1.45;2.61;484.8;455.8;3
GX26097;GX26097R2P3Ph1;PB;8;1.46;2.41;418.2;418.5;4
GX26097;GX26097R2P3Ph2;PB;8;1.4;2.7;461.2;456.9;4
GX26097;GX26097R2P3Ph3;PB;8;1.41;2.72;484.4;468;4
GX26097;GX26097R2P4Ph1;PB;8;1.48;2.4;418.8;420.5;4
GX26097;GX26097R2P4Ph2;PB;8;1.41;2.69;498.9;463.3;4
GX26097;GX26097R2P4Ph3;PB;8;1.44;2.56;470;460.9;4
GX26097;GX26097R2P4Ph4;PB;8;1.38;2.61;468.6;442.4;4
GX26097;GX26097R3P1Ph1;PB;9;1.36;2.34;455.5;442.4;8
GX26097;GX26097R3P1Ph2;PB;8;1.29;2.62;501.3;478.1;8
GX26097;GX26097R3P1Ph3;PB;8;1.4;2.63;508.7;493.5;8
GX26097;GX26097R3P1Ph4;PB;8;1.5;2.65;506;494.9;8
GX26097;GX26097R3P1Ph5;PB;7;1.46;2.54;511.7;491.2;8
GX26097;GX26097R3P1Ph6;PB;8;1.52;2.6;495.9;484.8;8
GX26097;GX26097R3P1Ph7;PB;7;1.39;2.63;495.9;483.4;8
GX26097;GX26097R3P2Ph1;PB;8;1.45;2.44;484.4;456.9;3
GX26097;GX26097R3P2Ph2;PB;8;1.45;2.67;527.2;491.2;3
GX26097;GX26097R3P2Ph3;PB;8;1.54;2.63;500.3;489.2;3
GX26097;GX26097R3P3Ph1;PB;8;1.49;2.43;443.7;444.1;5
GX26097;GX26097R3P3Ph2;PB;8;1.39;2.61;492.5;484.1;5
GX26097;GX26097R3P3Ph3;PB;8;1.55;2.6;517.1;496.9;5
GX26097;GX26097R3P3Ph4;PB;8;1.29;2.64;495.6;483.8;5
GX26097;GX26097R3P3Ph5;PB;8;1.19;2.54;467.3;454.8;5
GX29533;GX29533R1P1Ph2;PB;8;0.98;3.11;439.7;654.4;7
GX29533;GX29533R1P1Ph3;PB;7;1.01;3.14;447.4;578.7;7
GX29533;GX29533R1P1Ph4;PB;7;1.04;3.17;439;665.8;7
GX29533;GX29533R1P1Ph5;PB;8;1.01;3.23;407.13;685.5;7
GX29533;GX29533R1P1Ph6;PB;8;1.03;3.24;413.45;715.3;7
GX29533;GX29533R1P2Ph1;PB;7;1.08;2.73;403.7;620.7;3
GX29533;GX29533R1P2Ph2;PB;8;1.03;3.13;430.3;605.9;3
GX29533;GX29533R2P1Ph4;PB;8;1.38;2.93;468.3;542.3;7
GX29533;GX29533R2P1Ph5;PB;8;1.17;3.23;471.5;532.1;7
GX29533;GX29533R2P1Ph6;PB;7;1.06;3.25;436;735.3;7
GX29533;GX29533R2P1Ph7;PB;6;1.04;2.62;440;696.4;7
GX29533;GX29533R3P1Ph2;PB;7;0.96;3.14;457.5;520.1;6
GX29533;GX29533R3P1Ph3;PB;8;1.12;3.18;494.5;525.5;6
GX29533;GX29533R3P1Ph4;PB;8;1.17;3.22;488.1;525.8;6
GX29533;GX29533R3P1Ph5;PB;8;1.09;3.3;460.6;531.9;6
GX29533;GX29533R3P1Ph6;PB;7;0.95;3.32;455.5;733.4;6
GX26019;GX26019R1P1Ph2;PB;8;1.22;2.64;487.5;499.6;5
GX26019;GX26019R1P1Ph3;PB;8;1.29;2.7;468;501.6;5
GX26019;GX26019R1P1Ph4;PB;8;1.38;2.88;490.5;508;5
GX26019;GX26019R1P1Ph5;PB;8;1.42;3.16;491.2;490.8;5
GX26108;GX26108R1P1Ph2;PB;8;1.09;2.99;491.5;501.3;5
GX26108;GX26108R1P1Ph3;PB;8;1.19;3.06;526.5;511;5
GX26108;GX26108R1P1Ph4;PB;8;1.18;3.23;499.4;492.5;5
GX26108;GX26108R1P1Ph5;PB;8;1.13;3.48;461.9;466.6;5
GX26108;GX26108R1P2Ph1;PB;7;1.07;2.6;416.5;417.5;2
GX29539;GX29539R1P1Ph1;PB;8;0.82;2.05;433;476.4;6
GX29539;GX29539R1P1Ph2;PB;7;1.09;2.25;481.8;498.9;6
GX29539;GX29539R1P1Ph3;PB;7;1.18;2.26;515.4;508.7;6
GX29539;GX29539R1P1Ph4;PB;7;1.18;2.28;532.9;513;6
GX29539;GX29539R1P1Ph5;PB;7;1.22;2.31;537.6;516.4;6
GX29680;GX29680R1P1Ph3;PB;8;1.48;3.49;524.8;541;13
GX29680;GX29680R1P1Ph4;PB;8;1.45;3.61;497.1;531.2;13
GX29680;GX29680R1P1Ph5;PB;8;1.45;3.67;466.6;560.1;13
GX29680;GX29680R1P1Ph6;PB;9;1.47;3.82;461.1;568.4;13
GX29680;GX29680R1P1Ph7;PB;9;1.46;3.82;456.9;636.5;13
GX29680;GX29680R1P1Ph8;PB;8;1.4;3.81;449.8;677.1;13
GX29680;GX29680R1P1Ph9;PB;9;1.43;4;465.9;659.4;13
GX29680;GX29680R1P1Ph10;PB;9;1.43;3.9;465.9;693.7;13
GX29680;GX29680R1P1Ph11;PB;9;1.42;3.99;442.1;677.6;13
GX29680;GX29680R1P1Ph12;PB;9;1.41;3.84;444.7;725.7;13
GX29680;GX29680R1P1Ph13;PB;8;1.32;3.76;414;730.1;13
GX22014;GX22014R1P1Ph2;PB;8;1.38;3.14;536.9;476.7;10
GX22014;GX22014R1P1Ph3;PB;8;1.36;3.17;535.3;475.4;10
GX22014;GX22014R1P1Ph4;PB;9;1.33;3.45;513.2;465.9;10
GX22014;GX22014R1P1Ph5;PB;8;1.25;3.37;499.3;465.9;10
GX22014;GX22014R1P1Ph6;PB;8;1.29;3.4;417.3;446.1;10
GX22014;GX22014R1P1Ph7;PB;9;1.28;3.69;445.9;437.2;10
GX22014;GX22014R1P1Ph8;PB;9;1.08;3.85;418.8;419.3;10
GX22014;GX22014R1P1Ph9;PB;9;1.04;3.7;421.5;422.7;10
GX22014;GX22014R1P1Ph10;PB;8;1.03;3.52;401.8;402.4;10
GX22014;GX22014R1P2Ph1;PB;8;0.96;3.09;385;377.6;3
GX22014;GX22014R1P2Ph2;PB;8;1.26;3.29;447.3;455.2;3
GX27358;GX27358R1P1Ph2;PB;9;1.43;3.61;384.9;443.9;28
GX27358;GX27358R1P1Ph3;PB;9;1.33;3.38;434.1;467.1;28
GX27358;GX27358R1P1Ph4;PB;9;1.4;3.47;456.9;488;28
GX27358;GX27358R1P1Ph5;PB;9;1.46;3.52;451;475.7;28
GX27358;GX27358R1P1Ph8;PB;8;1.2;3.41;434.5;480.9;28
GX27358;GX27358R1P1Ph9;PB;9;1.31;3.43;414.5;451.1;28
GX27358;GX27358R1P1Ph13;PB;8;1.03;3.26;396;439.4;28
GX27358;GX27358R1P1Ph14;PB;9;1.23;3.45;418.7;445.2;28
GX27358;GX27358R1P1Ph15;PB;9;1.25;3.52;397;444.2;28
GX27358;GX27358R1P1Ph18;PB;8;1.04;3.47;385.2;429.9;28
GX27358;GX27358R1P1Ph19;PB;9;1.22;3.44;396.1;439.2;28
GX27358;GX27358R1P1Ph24;PB;8;1.01;3.23;370.4;437;28
GX27358;GX27358R1P1Ph25;PB;9;1.16;3.49;384;430.8;28
GX29678;GX29678R1P1Ph3;PB;6;1.29;2.03;511;569.9;13
GX29678;GX29678R1P1Ph4;PB;6;1.3;2.09;513.4;569.9;13
GX29678;GX29678R1P1Ph5;PB;6;1.23;2.12;496.9;562.5;13
GX29678;GX29678R1P1Ph6;PB;6;1.2;2.16;525.2;558.8;13
GX29678;GX29678R1P1Ph7;PB;6;1.18;2.18;478.4;548;13
GX29678;GX29678R1P1Ph8;PB;6;1.17;2.2;462.9;549;13
GX29678;GX29678R1P1Ph9;PB;6;1.14;2.2;468;550.4;13
GX29678;GX29678R1P1Ph10;PB;6;1.17;2.2;487.8;537.3;13
GX29678;GX29678R1P1Ph11;PB;6;1.12;2.2;473;534.9;13
GX29678;GX29678R1P1Ph12;PB;6;1.14;2.2;467.6;531.9;13
GX29678;GX29678R1P2Ph2;PB;6;1.17;2.16;602.9;598.8;3
GX29539;GX29539R2P1Ph1;PB;6;0.51;2.06;411.8;464.9;3
GX29539;GX29539R2P1Ph2;PB;7;1.03;2.26;486.8;482.1;3
GX29539;GX29539R2P1Ph3;PB;5;0.95;1.71;362.6;423.9;3
GX29539;GX29539R3P1Ph2;PB;8;1.21;2.37;461.9;504.3;5
GX29539;GX29539R3P1Ph3;PB;8;1.2;2.38;397.3;502.3;5
GX29539;GX29539R3P1Ph4;PB;7;1.2;2.39;396.53;502.6;5
GX29539;GX29539R3P1Ph5;PB;7;1.17;2.41;378.99;490.5;5
GX29539;GX29539R3P2Ph1;PB;8;0.93;2.14;439;473.3;5
GX29539;GX29539R3P2Ph2;PB;8;1.2;2.39;368.46;491.2;5
GX29539;GX29539R3P2Ph3;PB;8;1.2;2.41;371.97;497.6;5
GX29539;GX29539R3P2Ph4;PB;7;1.17;2.4;371.97;489.5;5
GX29539;GX29539R3P2Ph5;PB;7;1.17;2.4;357.93;484.1;5
GX29539;GX29539R3P3Ph1;PB;8;1.38;2.17;430.6;464.9;6
GX29539;GX29539R3P3Ph2;PB;8;1.23;2.42;357.93;488.1;6
GX29539;GX29539R3P3Ph3;PB;8;1.24;2.4;375.48;495.9;6
GX29539;GX29539R3P3Ph4;PB;7;1.21;2.38;376;485.5;6
GX29539;GX29539R3P3Ph5;PB;7;1.18;2.44;364.95;484.1;6
GX29539;GX29539R3P4Ph1;PB;8;0.85;2.17;421.5;464.3;4
GX29539;GX29539R3P4Ph2;PB;8;1.16;2.39;340.39;482.1;4
GX29539;GX29539R3P4Ph3;PB;8;1.22;2.36;368.46;490.8;4
GX29539;GX29539R3P4Ph4;PB;7;1.17;2.39;483.1;489.2;4
GX29539;GX29539R3P5Ph1;PB;8;0.84;2.17;420.2;461.9;5
GX29539;GX29539R3P5Ph2;PB;8;1.17;2.39;465.3;484.8;5
GX29539;GX29539R3P5Ph3;PB;8;1.22;2.36;510.7;495.9;5
GX29539;GX29539R3P5Ph4;PB;7;1.18;2.39;480.7;487.8;5
GX29539;GX29539R3P5Ph5;PB;6;1.18;1.93;361;464.6;5
GX29680;GX29680R2P1Ph1;PB;9;1.33;3.23;443.2;512.2;10
GX29680;GX29680R2P1Ph2;PB;8;1.43;3.45;498.7;521.8;10
GX29680;GX29680R2P1Ph3;PB;8;1.45;3.52;489;506.8;10
GX29680;GX29680R2P1Ph4;PB;8;1.46;3.6;462.4;487.3;10
GX29680;GX29680R2P1Ph5;PB;8;1.42;3.63;448.6;476.5;10
GX29680;GX29680R2P1Ph6;PB;8;1.37;3.73;440.7;481.1;10
GX29680;GX29680R2P1Ph7;PB;8;1.42;3.71;468.5;486.1;10
GX29680;GX29680R2P1Ph8;PB;8;1.36;3.74;417.2;460.2;10
GX29680;GX29680R2P1Ph9;PB;9;1.38;3.94;440.4;472.8;10
GX29680;GX29680R2P1Ph10;PB;9;1.37;3.84;444.6;463.6;10
GX29680;GX29680R2P2Ph1;PB;8;1.35;3.2;387.2;451.6;4
GX29680;GX29680R2P2Ph2;PB;8;1.37;3.5;468.3;507;4
GX29680;GX29680R2P2Ph3;PB;9;1.43;3.62;471.7;502.4;4
GX29680;GX29680R2P2Ph4;PB;8;1.35;3.69;432.8;475.5;4
GX29680;GX29680R2P3Ph1;PB;8;1.34;3.24;375.8;450.8;3
GX29680;GX29680R2P3Ph2;PB;9;1.41;3.65;489.5;506;3
GX29680;GX29680R2P3Ph3;PB;7;1.38;2.97;480.7;500.6;3
GX29680;GX29680R3P1Ph2;PB;9;1.32;3.7;497.9;509.2;5
GX29680;GX29680R3P1Ph3;PB;8;1.36;3.55;465.9;488.7;5
GX29680;GX29680R3P1Ph4;PB;9;1.31;3.65;415.3;442.9;5
GX29680;GX29680R3P1Ph5;PB;8;1.28;3.69;414;435.5;5
GX29680;GX29680R3P2Ph1;PB;8;1.24;3.12;384.5;438.9;2
GX29680;GX29680R3P2Ph2;PB;8;1.25;3.45;451.8;491.5;2
GX29678;GX29678R2P1Ph3;PB;6;1.23;2.03;511.7;598.2;11
GX29678;GX29678R2P1Ph4;PB;6;1.19;2.1;545;578.3;11
GX29678;GX29678R2P1Ph5;PB;6;1.21;2.15;530.9;575;11
GX29678;GX29678R2P1Ph6;PB;6;1.15;2.18;539.3;550.7;11
GX29678;GX29678R2P1Ph7;PB;6;1.14;2.18;521.5;587.1;11
GX29678;GX29678R2P1Ph8;PB;6;1.18;2.17;468;583.7;11
GX29678;GX29678R2P1Ph9;PB;6;1.13;2.24;546.7;570.6;11
GX29678;GX29678R2P1Ph10;PB;6;1.11;2.19;451.5;566.5;11
GX29678;GX29678R2P1Ph11;PB;6;1.15;2.32;502.3;565.2;11
GX29678;GX29678R2P2Ph2;PB;6;1.15;2.19;475.7;599.5;7
GX29678;GX29678R2P2Ph3;PB;6;1.24;2.18;520.1;604.9;7
GX29678;GX29678R2P2Ph4;PB;6;1.24;2.22;500.9;600.9;7
GX29678;GX29678R2P2Ph5;PB;6;1.19;2.2;422.5;557.8;7
GX29678;GX29678R2P2Ph6;PB;6;1.13;2.2;469.6;563.9;7
GX29678;GX29678R2P2Ph7;PB;2;1.81;1.06;494.5;554.4;7
GX29678;GX29678R3P1Ph3;PB;6;1.33;2.16;611.6;564.5;6
GX29678;GX29678R3P1Ph4;PB;6;1.32;2.18;498.6;566.2;6
GX29678;GX29678R3P1Ph5;PB;6;1.32;2.21;536.3;546.7;6
GX29678;GX29678R3P1Ph6;PB;5;1.41;1.83;508.7;506.7;6
GX22014;GX22014R2P1Ph1;PB;8;1.41;2.97;428.9;632.8;6
GX22014;GX22014R2P1Ph2;PB;8;1.48;3.19;533.2;472.5;6
GX22014;GX22014R2P1Ph3;PB;8;1.42;3.17;518.1;474.4;6
GX22014;GX22014R2P1Ph4;PB;8;1.47;3.17;481.8;472.7;6
GX22014;GX22014R2P1Ph5;PB;8;1.17;3.26;446.4;446.8;6
GX22014;GX22014R2P1Ph6;PB;2;1.31;1.28;440.7;428.6;6
GX22014;GX22014R2P2Ph1;PB;8;1.51;2.91;413.8;415.5;3
GX22014;GX22014R2P2Ph2;PB;8;1.26;3.17;480.4;465.9;3
GX22014;GX22014R2P2Ph3;PB;5;1.17;2.32;442.1;419.5;3
GX22014;GX22014R3P1Ph2;PB;8;1.38;3.11;471.7;453.5;5
GX22014;GX22014R3P1Ph3;PB;8;1.26;3.11;530.5;472.7;5
GX22014;GX22014R3P1Ph4;PB;8;1.23;3.25;436.7;455.3;5
GX22014;GX22014R3P1Ph5;PB;2;1.24;1.21;483.1;469;5
GX22014;GX22014R3P2Ph1;PB;8;1.34;2.98;435.5;388.2;3
GX22014;GX22014R3P2Ph2;PB;8;1.18;3.2;477;455.8;3
GX22014;GX22014R3P2Ph3;PB;2;1.02;1.11;510;456.2;3
GX22014;GX22014R3P3Ph1;PB;8;1.15;2.96;370.7;385.2;2
GX22014;GX22014R3P3Ph2;PB;6;1.04;2.49;456.9;450.5;2
GX26108;GX26108R2P1Ph2;PB;8;1.11;3.04;507;503.6;3
GX26108;GX26108R2P1Ph3;PB;8;1.15;3.24;522.5;514.1;3
GX26108;GX26108R3P1Ph1;PB;7;1.13;2.67;423.2;453.2;1
GX26108;GX26108R3P2Ph1;PB;8;1.17;2.69;512.7;546;4
GX26108;GX26108R3P2Ph2;PB;8;1.15;3.1;544.7;535.6;4
GX26108;GX26108R3P2Ph3;PB;8;1.21;3.1;552.1;531.2;4
GX26108;GX26108R3P2Ph4;PB;2;1.42;1.36;444.7;439.4;4
GX26019;GX26019R2P1Ph4;PB;7;1.44;2.74;519.8;501.3;8
GX26019;GX26019R2P1Ph5;PB;8;1.38;2.86;513;493.9;8
GX26019;GX26019R2P1Ph6;PB;8;1.45;3.18;471;523.6;8
GX26019;GX26019R2P1Ph7;PB;8;1.42;3.17;504;507.5;8
GX26019;GX26019R2P1Ph8;PB;8;1.17;3.05;404.7;474;8
GX26019;GX26019R2P2Ph1;PB;9;1.02;2.54;413.8;439.7;4
GX26019;GX26019R2P2Ph2;PB;8;1.27;2.75;440.7;479.4;4
GX26019;GX26019R2P2Ph3;PB;8;1.32;2.89;499.3;492.9;4
GX26019;GX26019R2P3Ph1;PB;8;1.17;2.55;424.2;448.8;3
GX26019;GX26019R2P3Ph2;PB;8;1.3;2.7;463.3;486.5;3
GX26019;GX26019R2P4Ph1;PB;8;0.94;2.61;380.8;452.5;2
GX26019;GX26019R2P4Ph2;PB;3;1.34;1.3;462.9;462.2;2
GX26019;GX26019R3P1Ph3;PB;8;1.22;2.65;537.3;544;8
GX26019;GX26019R3P1Ph4;PB;8;1.26;2.68;487.1;525.8;8
GX26019;GX26019R3P1Ph5;PB;8;1.26;2.83;507;519.8;8
GX26019;GX26019R3P1Ph6;PB;8;1.3;2.9;531.2;530.5;8
GX26019;GX26019R3P1Ph7;PB;8;1.35;3.03;514.7;521.1;8
GX26019;GX26019R3P1Ph8;PB;6;0.66;2.88;494.5;511.4;8
GX26019;GX26019R3P2Ph1;PB;8;0.99;2.52;340.8;418.8;5
GX26019;GX26019R3P2Ph2;PB;8;1.27;2.75;413.5;461.2;5
GX26019;GX26019R3P2Ph3;PB;9;1.18;3.25;431;450.1;5
GX26019;GX26019R3P2Ph4;PB;8;1.19;2.78;380.8;445.8;5
GX26019;GX26019R3P2Ph5;PB;8;1.05;2.73;425.9;437.3;5
GX26019;GX26019R4P1Ph1;PB;7;0.89;2.44;375.4;438.4;7
GX26019;GX26019R4P1Ph2;PB;7;1.02;2.68;477.4;481.8;7
GX26019;GX26019R4P1Ph3;PB;7;1.31;2.7;516.7;496.2;7
GX26019;GX26019R4P1Ph4;PB;8;1.24;2.82;470.3;490.8;7
GX26019;GX26019R4P1Ph5;PB;8;1.38;2.99;528.5;507.7;7
GX26019;GX26019R4P1Ph6;PB;7;1.43;2.9;503.3;480.4;7
GX26019;GX26019R4P1Ph7;PB;8;1.27;3.18;467;463.6;7
GX26019;GX26019R4P2Ph1;PB;8;0.81;2.57;410.1;444.1;4
GX26019;GX26019R4P2Ph2;PB;8;1.26;2.8;426.2;477.7;4
GX26019;GX26019R4P2Ph3;PB;8;1;2.97;431;461.6;4
GX26019;GX26019R4P2Ph4;PB;8;0.83;2.7;388.9;426.9;4
GX26019;GX26019R4P3Ph1;PB;8;0.8;2.55;404.7;436.3;2
GX26019;GX26019R4P3Ph2;PB;2;0.96;0.99;453.5;450.1;2
GX27358;GX27358R2P1Ph2;PB;10;1.19;3.31;415.8;707.3;10
GX27358;GX27358R2P1Ph3;PB;10;1.33;3.45;440.5;722.7;10
GX27358;GX27358R2P1Ph4;PB;9;1.34;3.57;466.3;666.5;10
GX27358;GX27358R2P1Ph5;PB;9;1.39;3.53;477.7;615;10
GX27358;GX27358R2P1Ph7;PB;8;1.07;3.32;449.8;704.5;10
GX27358;GX27358R2P1Ph8;PB;9;1.25;3.48;432;740.5;10
GX27358;GX27358R2P2Ph1;PB;8;0.75;2.99;349.5;624.6;5
GX27358;GX27358R2P2Ph2;PB;9;1.21;3.41;418.3;688.2;5
GX27358;GX27358R2P2Ph3;PB;9;1.3;3.4;472.2;683.8;5
GX27358;GX27358R2P2Ph5;PB;5;1.05;2.53;397.3;761;5
GX27358;GX27358R2P3Ph1;PB;9;0.81;3.01;333.9;596.3;7
GX27358;GX27358R2P3Ph2;PB;9;1.17;3.46;409.4;656.5;7
GX27358;GX27358R2P3Ph3;PB;9;1.16;3.5;415.1;705.7;7
GX27358;GX27358R2P3Ph6;PB;8;0.89;3.31;362;665.1;7
GX29613;GX29613R2P1Ph1;PB;8;1.21;2.67;338.4;389.9;4
GX29613;GX29613R2P1Ph2;PB;8;1.1;3.02;424.9;455.2;4
GX29613;GX29613R2P1Ph3;PB;8;1.19;3.07;486.5;499.6;4
GX29613;GX29613R3P1Ph1;PB;8;1.26;2.58;368;438.7;4
GX29613;GX29613R3P1Ph2;PB;8;1.15;3.07;504.6;474.7;4
GX29613;GX29613R3P1Ph3;PB;8;1.22;3.11;488.8;491.8;4
GX29658;GX29658R1P1Ph1;PB;7;1.53;3.04;418;555.9;17
GX29658;GX29658R1P1Ph2;PB;8;1.34;3.45;458.5;468.5;17
GX29658;GX29658R1P1Ph3;PB;8;1.3;3.58;472.8;484.6;17
GX29658;GX29658R1P1Ph4;PB;8;1.31;3.62;480.43;471.7;17
GX29658;GX29658R1P1Ph5;PB;8;1.28;3.63;429.3;459.5;17
GX29658;GX29658R1P1Ph6;PB;8;1.26;3.66;407.4;434;17
GX29658;GX29658R1P1Ph7;PB;8;1.18;3.68;391.1;428.3;17
GX29658;GX29658R1P1Ph8;PB;8;1.23;3.71;401.5;435.5;17
GX29658;GX29658R1P1Ph9;PB;8;1.24;3.69;410.3;441.4;17
GX29658;GX29658R1P1Ph10;PB;8;1.18;3.64;440;439.4;17
GX29658;GX29658R1P1Ph11;PB;8;1.16;3.72;380.1;420.5;17
GX29658;GX29658R1P1Ph12;PB;8;1.14;3.7;428.1;425.9;17
GX29658;GX29658R1P1Ph13;PB;8;1.17;3.71;402;431.8;17
GX29658;GX29658R1P1Ph14;PB;8;1.21;3.66;387.2;432.8;17
GX29658;GX29658R1P1Ph15;PB;8;1.14;3.68;387.9;417.5;17
GX29658;GX29658R1P1Ph16;PB;8;1.13;3.76;397.6;435.2;17
GX29658;GX29658R1P2Ph1;PB;7;1.13;3.16;364.8;410.9;4
GX29658;GX29658R1P2Ph2;PB;8;1.19;3.59;412.4;445.2;4
GX29658;GX29658R1P2Ph3;PB;8;1.24;3.6;465.3;467.3;4
GX29658;GX29658R1P3Ph1;PB;7;1.15;3.12;379.6;418.7;3
GX29658;GX29658R1P3Ph2;PB;8;1.23;3.51;430.8;457.5;3
GX29658;GX29658R2P1Ph2;PB;7;1.39;3.33;463.6;468.1;10
GX29658;GX29658R2P1Ph3;PB;7;1.35;3.39;475.2;476.5;10
GX29658;GX29658R2P1Ph4;PB;7;1.27;3.41;465.3;468.8;10
GX29658;GX29658R2P1Ph5;PB;7;1.19;3.45;447.4;447.8;10
GX29658;GX29658R2P1Ph6;PB;7;1.23;3.48;417;435.5;10
GX29658;GX29658R2P1Ph7;PB;7;1.1;3.49;399.2;424.2;10
GX29658;GX29658R2P1Ph8;PB;7;1.2;3.54;417.7;441.7;10
GX29658;GX29658R2P1Ph9;PB;7;1.08;3.49;415.1;420;10
GX29658;GX29658R2P2Ph1;PB;7;1.08;3.07;391.9;411.6;3
GX29658;GX29658R2P2Ph2;PB;7;1.15;3.48;423;456.2;3
GX29658;GX29658R2P3Ph1;PB;7;1.36;3.04;379.1;409.2;2
GX29658;GX29658R2P3Ph2;PB;8;1.22;3.54;450.6;467.1;2
GX29658;GX29658R2P4Ph1;PB;7;1.17;3.05;384.4;410.1;2
GX29658;GX29658R2P5Ph1;PB;7;1.11;3.03;392.8;415.6;2
GX29658;GX29658R3P1Ph3;PB;7;1.24;3.44;469.5;479.7;5
GX29658;GX29658R3P1Ph4;PB;7;1.26;3.48;440.7;475.5;5
GX29658;GX29658R3P2Ph1;PB;7;1.56;3.08;412.1;440;3
GX29658;GX29658R3P2Ph2;PB;7;1.25;3.49;446.1;472;3
GX29658;GX29658R3P2Ph3;PB;6;1.28;2.78;424.9;432.3;3
GX29658;GX29658R3P3Ph1;PB;7;1.59;3.11;410.8;449;3
GX29658;GX29658R3P3Ph2;PB;7;1.29;3.5;466.8;490.5;3
GX29658;GX29658R3P4Ph1;PB;7;1.53;3.08;397.3;433.3;3
GX29658;GX29658R3P4Ph2;PB;8;1.35;3.54;472.3;495.2;3
GX29658;GX29658R3P5Ph1;PB;7;1.57;3.09;406.4;444.2;2
GX29658;GX29658R3P5Ph2;PB;7;1.15;3.27;466.6;482.1;2
GX29658;GX29658R3P6Ph1;PB;7;1.56;3.1;409.8;447.3;2
GX29658;GX29658R3P7Ph1;PB;7;1.54;3.11;403.9;449.1;2
GX29658;GX29658R4P1Ph2;PB;8;1.42;3.22;490.5;490.5;7
GX29658;GX29658R4P1Ph3;PB;8;1.26;3.48;482.4;478.6;7
GX29658;GX29658R4P1Ph4;PB;8;1.21;3.46;461.1;457.9;7
GX29658;GX29658R4P1Ph5;PB;7;1.14;3.43;444.9;444.7;7
GX29658;GX29658R4P1Ph6;PB;8;1.2;3.53;449.3;453.3;7
GX29658;GX29658R4P2Ph1;PB;7;1.97;3.12;454.2;488;3
GX29658;GX29658R4P2Ph2;PB;8;1.19;3.53;484.1;480.2;3
GX29658;GX29658R4P2Ph3;PB;8;1.13;3.55;462.7;472.2;3
GX29658;GX29658R4P3Ph1;PB;7;1.31;3;434.5;446.9;3
GX29658;GX29658R4P3Ph2;PB;8;1.18;3.53;491.8;489.7;3
GX29658;GX29658R4P4Ph1;PB;7;1.36;3;431.1;450;3
GX29658;GX29658R4P4Ph2;PB;8;1.21;3.5;488.7;486.5;3
GX29658;GX29658R4P5Ph1;PB;7;1.27;3.02;411.1;449.1;3
GX29658;GX29658R4P5Ph2;PB;8;1.18;3.48;478.9;479.4;3
GX29832;GX29832R1P1Ph2;PB;10;1.22;3.3;481.8;531.6;37
GX29832;GX29832R1P1Ph3;PB;11;1.33;3.38;544.8;557.8;37
GX29832;GX29832R1P1Ph5;PB;11;1.26;3.36;525.3;625.6;37
GX29832;GX29832R1P1Ph7;PB;11;1.23;3.43;549;741.7;37
GX29832;GX29832R1P1Ph9;PB;10;1.14;3.42;494;768.9;37
GX29832;GX29832R1P1Ph10;PB;10;1.24;3.5;476.4;795.5;37
GX29832;GX29832R1P1Ph11;PB;11;1.26;3.62;498.1;766.9;37
GX29832;GX29832R1P1Ph13;PB;11;1.18;3.57;491.7;770.9;37
GX29832;GX29832R1P1Ph15;PB;11;1.16;3.51;495.2;760.2;37
GX29832;GX29832R1P1Ph17;PB;11;1.16;3.52;492.7;766.2;37
GX29832;GX29832R1P1Ph19;PB;11;1.17;3.53;450.3;774.3;37
GX29832;GX29832R1P1Ph21;PB;11;1.14;3.51;474.5;776;37
GX29832;GX29832R1P1Ph23;PB;11;1.15;3.58;452;774.3;37
GX29832;GX29832R1P1Ph25;PB;11;1.17;3.55;455.8;775.1;37
GX29832;GX29832R1P1Ph27;PB;11;1.14;3.67;459.5;756.3;37
GX29832;GX29832R1P1Ph29;PB;11;1.17;3.67;462.7;768.6;37
GX29832;GX29832R1P1Ph31;PB;11;1.18;3.61;466.4;749.6;37
GX29832;GX29832R1P1Ph33;PB;11;1.14;3.63;491.2;776.7;37
GX29832;GX29832R1P1Ph35;PB;11;1.17;3.66;437.8;774.8;37
GX29832;GX29832R1P1Ph37;PB;11;1.16;3.75;451.6;757;37
GX29832;GX29832R2P1Ph2;PB;11;1.24;3.35;500.4;789.1;40
GX29832;GX29832R2P1Ph3;PB;11;1.29;3.42;532.1;759.5;40
GX29832;GX29832R2P1Ph5;PB;11;1.19;3.36;500.4;745.4;40
GX29832;GX29832R2P1Ph6;PB;11;1.26;3.58;515.4;550.1;40
GX29832;GX29832R2P1Ph7;PB;11;1.28;3.52;480.1;559;40
GX29832;GX29832R2P1Ph9;PB;10;1.13;3.43;499.1;554.8;40
GX29832;GX29832R2P1Ph10;PB;11;1.24;3.56;521.5;552.4;40
GX29832;GX29832R2P1Ph11;PB;11;1.2;3.67;520.8;540.5;40
GX29832;GX29832R2P1Ph13;PB;11;1.16;3.51;508.3;563.2;40
GX29832;GX29832R2P1Ph15;PB;11;1.2;3.4;484.8;575.8;40
GX29832;GX29832R2P1Ph16;PB;11;1.21;3.68;475.4;553.1;40
GX29832;GX29832R2P1Ph18;PB;11;1.14;3.6;468.8;649.5;40
GX29832;GX29832R2P1Ph20;PB;11;1.15;3.6;492.5;555.6;40
GX29832;GX29832R2P1Ph22;PB;11;1.13;3.59;478.4;550.2;40
GX29832;GX29832R2P1Ph24;PB;11;1.12;3.57;494.9;552.2;40
GX29832;GX29832R2P1Ph26;PB;11;1.13;3.61;471.2;582;40
GX29832;GX29832R2P1Ph28;PB;11;1.15;3.58;448.4;545.9;40
GX29832;GX29832R2P1Ph31;PB;10;1.05;3.49;441.4;561.8;40
GX29832;GX29832R2P1Ph33;PB;11;1.14;3.75;502.4;549.9;40
GX29832;GX29832R2P1Ph35;PB;11;1.13;3.53;473.7;611.1;40
GX29832;GX29832R2P1Ph37;PB;11;1.12;3.72;459.9;597.8;40
GX29832;GX29832R3P1Ph2;PB;11;1.3;3.43;551.1;562.8;22
GX29832;GX29832R3P1Ph4;PB;11;1.28;3.4;544;582;22
GX29832;GX29832R3P1Ph5;PB;11;1.36;3.55;572.3;571.9;22
GX29832;GX29832R3P1Ph7;PB;11;1.25;3.52;519.4;569.1;22
GX29832;GX29832R3P1Ph8;PB;11;1.27;3.76;539.6;565.4;22
GX29832;GX29832R3P1Ph9;PB;11;1.27;3.77;523.8;550.4;22
GX29832;GX29832R3P1Ph11;PB;11;1.2;3.62;483.8;565.2;22
GX29832;GX29832R3P1Ph12;PB;11;1.25;3.77;494.4;551.4;22
GX29832;GX29832R3P1Ph14;PB;11;1.16;3.6;472.5;570.2;22
GX29832;GX29832R3P1Ph16;PB;11;1.18;3.67;468.6;554.4;22
GX29832;GX29832R3P1Ph18;PB;11;1.17;3.62;508.8;557.6;22
GX29832;GX29832R3P1Ph20;PB;11;1.15;3.57;514.2;548.9;22
GX29832;GX29832R4P1Ph1;PB;10;1.24;3.09;496.4;659.6;38
GX29832;GX29832R4P1Ph2;PB;10;1.24;3.32;525;589.6;38
GX29832;GX29832R4P1Ph3;PB;11;1.4;3.41;584.5;601.5;38
GX29832;GX29832R4P1Ph4;PB;11;1.37;3.5;574.3;603.2;38
GX29832;GX29832R4P1Ph5;PB;11;1.37;3.57;571.8;602.2;38
GX29832;GX29832R4P1Ph6;PB;11;1.33;3.66;545.2;602.7;38
GX29832;GX29832R4P1Ph8;PB;10;1.22;3.44;548.5;642.4;38
GX29832;GX29832R4P1Ph9;PB;11;1.3;3.63;539.5;675.2;38
GX29832;GX29832R4P1Ph10;PB;11;1.3;3.65;549.6;739.6;38
GX29832;GX29832R4P1Ph12;PB;11;1.22;3.48;543.5;680.6;38
GX29832;GX29832R4P1Ph14;PB;11;1.22;3.61;560.3;603.7;38
GX29832;GX29832R4P1Ph16;PB;10;1.14;3.46;496.9;762;38
GX29832;GX29832R4P1Ph18;PB;11;1.18;3.67;503.5;756.3;38
GX29832;GX29832R4P1Ph19;PB;11;1.25;3.66;527.5;761.2;38
GX29832;GX29832R4P1Ph21;PB;11;1.21;3.61;515.2;717.4;38
GX29832;GX29832R4P1Ph23;PB;11;1.19;3.66;510;749.7;38
GX29832;GX29832R4P1Ph25;PB;11;1.2;3.57;512;754.5;38
GX29832;GX29832R4P1Ph27;PB;11;1.16;3.81;547;683;38
GX29832;GX29832R4P1Ph29;PB;11;1.2;3.53;505;730.1;38
GX29832;GX29832R4P1Ph31;PB;11;1.2;3.67;498.9;743.2;38
GX29832;GX29832R4P1Ph34;PB;11;1.06;3.84;460.7;763.7;38
GX29832;GX29832R4P1Ph36;PB;11;1.2;3.7;494.7;730.4;38
GX29819;GX29819R1P1Ph3;PB;5;1.18;2.45;488.5;542.3;28
GX29819;GX29819R1P1Ph4;PB;5;1.27;2.5;489.5;545.7;28
GX29819;GX29819R1P1Ph5;PB;5;1.34;2.52;469;549.7;28
GX29819;GX29819R1P1Ph6;PB;5;1.29;2.56;468.6;546;28
GX29819;GX29819R1P1Ph7;PB;5;1.3;2.54;475;539;28
GX29819;GX29819R1P1Ph8;PB;5;1.32;2.54;464.6;544;28
GX29819;GX29819R1P1Ph9;PB;5;1.27;2.54;475.4;537.6;28
GX29819;GX29819R1P1Ph10;PB;5;1.3;2.59;441;556.1;28
GX29819;GX29819R1P1Ph11;PB;5;1.29;2.55;442.4;553.1;28
GX29819;GX29819R1P1Ph12;PB;5;1.29;2.58;442.1;586.7;28
GX29819;GX29819R1P1Ph13;PB;5;1.27;2.58;433.3;574.6;28
GX29819;GX29819R1P1Ph14;PB;5;1.29;2.58;432.3;553.1;28
GX29819;GX29819R1P1Ph15;PB;5;1.26;2.58;431.6;587.7;28
GX29819;GX29819R1P1Ph16;PB;5;1.27;2.6;423.9;675.2;28
GX29819;GX29819R1P1Ph17;PB;5;1.26;2.58;436;697.8;28
GX29819;GX29819R1P1Ph18;PB;5;1.26;2.6;434.3;653.3;28
GX29819;GX29819R1P1Ph19;PB;5;1.25;2.63;424.9;687.7;28
GX29819;GX29819R1P1Ph20;PB;5;1.25;2.55;425.2;729.7;28
GX29819;GX29819R1P1Ph21;PB;5;1.23;2.65;420.9;661.1;28
GX29819;GX29819R1P1Ph22;PB;5;1.25;2.64;440.7;539.3;28
GX29819;GX29819R1P1Ph23;PB;5;1.25;2.6;431.6;567.2;28
GX29819;GX29819R1P1Ph24;PB;5;1.03;2.4;424.9;700.5;28
GX29819;GX29819R1P1Ph25;PB;5;1.23;2.54;431;686.3;28
GX29819;GX29819R1P1Ph26;PB;5;1.23;2.63;403;677.2;28
GX29819;GX29819R1P1Ph27;PB;5;1.17;2.55;381.5;641.6;28
GX29819;GX29819R1P1Ph28;PB;5;1.08;2.54;433.6;679.6;28
GX29819;GX29819R1P2Ph1;PB;5;1.2;2.27;359.6;698.4;3
GX29819;GX29819R1P2Ph2;PB;5;1.18;2.53;408.4;719;3
GX29819;GX29819R1P2Ph3;PB;5;1.2;2.54;438.4;672.5;3
GX29819;GX29819R2P1Ph3;PB;5;1.18;2.49;479.1;516.7;25
GX29819;GX29819R2P1Ph4;PB;5;1.23;2.52;467;508.7;25
GX29819;GX29819R2P1Ph5;PB;5;1.26;2.54;451.8;512.7;25
GX29819;GX29819R2P1Ph6;PB;5;1.27;2.58;439;510.7;25
GX29819;GX29819R2P1Ph7;PB;5;1.29;2.57;441;506.7;25
GX29819;GX29819R2P1Ph8;PB;5;1.27;2.57;445.1;496.6;25
GX29819;GX29819R2P1Ph9;PB;5;1.25;2.58;428.9;500.9;25
GX29819;GX29819R2P1Ph10;PB;5;1.23;2.59;424.2;503;25
GX29819;GX29819R2P1Ph11;PB;5;1.22;2.59;382.8;505;25
GX29819;GX29819R2P1Ph12;PB;5;1.21;2.58;397;514.4;25
GX29819;GX29819R2P1Ph13;PB;5;1.21;2.6;390.9;518.8;25
GX29819;GX29819R2P1Ph14;PB;5;1.18;2.58;390.2;526.5;25
GX29819;GX29819R2P1Ph15;PB;5;1.2;2.59;389.2;527.8;25
GX29819;GX29819R2P1Ph16;PB;5;1.18;2.59;392.3;591.4;25
GX29819;GX29819R2P1Ph17;PB;5;1.18;2.59;394.3;495.9;25
GX29819;GX29819R2P1Ph18;PB;5;1.19;2.59;374.4;588.7;25
GX29819;GX29819R2P1Ph19;PB;5;1.17;2.57;389.6;551.7;25
GX29819;GX29819R2P1Ph20;PB;5;1.16;2.56;413.1;582;25
GX29819;GX29819R2P1Ph21;PB;5;1.18;2.58;402.7;632.5;25
GX29819;GX29819R2P1Ph22;PB;5;1.16;2.57;408.1;557.5;25
GX29819;GX29819R2P1Ph23;PB;5;1.15;2.6;385.2;639.6;25
GX29819;GX29819R2P1Ph24;PB;5;1.09;2.61;349.5;622.4;25
GX29819;GX29819R2P2Ph1;PB;5;1.14;2.28;339.8;603.6;3
GX29819;GX29819R2P2Ph2;PB;5;1.14;2.52;403;499.6;3
GX27267;GX27267R1P1Ph2;PB;8;1.46;2.85;480.4;485.8;4
GX27267;GX27267R1P1Ph3;PB;8;1.54;2.82;515.1;495.6;4
GX27267;GX27267R2P1Ph1;PB;9;1.44;2.82;380.1;412.1;5
GX27267;GX27267R2P1Ph2;PB;8;1.27;2.98;419.8;428.3;5
GX27267;GX27267R2P1Ph3;PB;8;1.4;2.89;439;450.8;5
GX27267;GX27267R2P1Ph4;PB;8;1.4;2.97;447.8;444.7;5
GX27267;GX27267R2P2Ph1;PB;9;1.46;2.69;417.8;440.4;2
GX27267;GX27267R2P2Ph2;PB;8;1.21;2.75;467;464.3;2
GX27267;GX27267R2P3Ph1;PB;9;1.44;2.73;319.6;470;3
GX27267;GX27267R2P3Ph2;PB;9;1.65;2.94;392.6;495.2;3
GX29621;GX29621R1P1Ph1;PB;7;1.39;1.95;437.7;493.5;3
GX29621;GX29621R1P1Ph2;PB;7;1.15;2.3;484.4;505.6;3
GX29621;GX29621R2P1Ph3;PB;7;1.27;2.26;506.3;523.5;4
GX29621;GX29621R3P1Ph2;PB;7;1.19;2.32;461.6;507.3;5
GX29621;GX29621R3P1Ph3;PB;6;1.34;2.3;510.4;528.2;5
GX29621;GX29621R3P1Ph4;PB;6;1.42;2.34;490.2;548;5
GX29627;GX29627R1P1Ph3;PB;6;1.22;2.42;514.1;545.7;20
GX29627;GX29627R1P1Ph4;PB;6;1.18;2.48;572.6;537.3;20
GX29627;GX29627R1P1Ph5;PB;7;1.21;2.55;509.7;540.6;20
GX29627;GX29627R1P1Ph6;PB;7;1.28;2.55;484.4;543;20
GX29627;GX29627R1P1Ph7;PB;6;1.23;2.56;501.8;514.7;20
GX29627;GX29627R1P1Ph8;PB;7;1.19;2.6;482.4;533.6;20
GX29627;GX29627R1P1Ph9;PB;7;1.18;2.61;468.6;541.6;20
GX29627;GX29627R1P1Ph10;PB;7;1.15;2.62;543.3;525.2;20
GX29627;GX29627R1P1Ph11;PB;7;1.14;2.62;443.1;537.3;20
GX29627;GX29627R1P1Ph12;PB;7;1.15;2.64;447.1;536.6;20
GX29627;GX29627R1P1Ph13;PB;7;1.14;2.64;545.7;543.3;20
GX29627;GX29627R1P1Ph14;PB;7;1.16;2.62;463.9;545;20
GX29627;GX29627R1P1Ph15;PB;7;1.11;2.65;515.7;533.2;20
GX29627;GX29627R1P1Ph16;PB;7;1.13;2.72;514.4;523.1;20
GX29627;GX29627R1P1Ph17;PB;7;1.14;2.61;443.7;522.8;20
GX29627;GX29627R1P1Ph18;PB;7;1.06;2.66;437.3;529.5;20
GX29627;GX29627R1P1Ph19;PB;7;1.2;2.7;463.9;529.9;20
GX29627;GX29627R1P1Ph20;PB;7;1.08;2.7;422.5;507.3;20
GX29627;GX29627R1P2Ph1;PB;7;1.21;2.31;453.2;464.6;7
GX29627;GX29627R1P2Ph2;PB;7;1.13;2.63;541;538.3;7
GX29627;GX29627R1P2Ph3;PB;7;1.13;2.61;478.1;537.6;7
GX29627;GX29627R1P2Ph4;PB;7;1.16;2.63;474.7;539;7
GX29627;GX29627R1P2Ph5;PB;7;1.08;2.65;512.4;516.1;7
GX29627;GX29627R1P2Ph6;PB;7;1.11;2.65;437.7;520.8;7
GX29627;GX29627R1P3Ph1;PB;7;1.18;2.22;423.9;476.4;4
GX29627;GX29627R1P3Ph2;PB;7;1.12;2.53;548.4;544.3;4
GX29627;GX29627R1P3Ph3;PB;7;1.15;2.57;523.5;546;4
GX29627;GX29627R1P3Ph4;PB;7;1.21;2.64;512.7;534.6;4
GX29627;GX29627R1P4Ph1;PB;7;1.14;2.2;387.5;477;1
GX29627;GX29627R2P1Ph2;PB;7;1.07;2.43;494.5;549.4;15
GX29627;GX29627R2P1Ph3;PB;7;1.22;2.47;532.2;563.9;15
GX29627;GX29627R2P1Ph4;PB;6;1.22;2.46;539.6;566.2;15
GX29627;GX29627R2P1Ph5;PB;6;1.25;2.48;581.3;566.2;15
GX29627;GX29627R2P1Ph6;PB;7;1.18;2.55;571.9;561.5;15
GX29627;GX29627R2P1Ph7;PB;7;1.22;2.58;510.4;562.2;15
GX29627;GX29627R2P1Ph8;PB;7;1.22;2.6;496.2;565.2;15
GX29627;GX29627R2P1Ph9;PB;7;1.17;2.63;551.7;571.3;15
GX29627;GX29627R2P1Ph10;PB;7;1.17;2.62;561.5;554.4;15
GX29627;GX29627R2P1Ph11;PB;7;1.19;2.64;483.4;560.1;15
GX29627;GX29627R2P1Ph12;PB;7;1.16;2.63;547.7;547;15
GX29627;GX29627R2P1Ph13;PB;7;1.21;2.65;463.3;546.7;15
GX29627;GX29627R2P1Ph14;PB;7;1.15;2.63;539.3;545.7;15
GX29627;GX29627R2P2Ph1;PB;7;1.18;2.3;446.1;499.6;4
GX29627;GX29627R2P2Ph2;PB;7;1.08;2.59;478.4;541.6;4
GX29627;GX29627R2P2Ph3;PB;7;1.13;2.58;505.3;554.4;4
GX29627;GX29627R2P2Ph4;PB;7;1.06;2.5;497.6;541.3;4
GX29627;GX29627R2P3Ph1;PB;7;1.16;2.28;309.2;468.6;2
GX29627;GX29627R2P4Ph1;PB;7;1.09;2.39;398.7;464.3;1
GX29627;GX29627R3P1Ph2;PB;7;1.15;2.36;564.5;564.2;7
GX29627;GX29627R3P1Ph3;PB;7;1.14;2.44;543.3;582.7;7
GX29627;GX29627R3P1Ph4;PB;7;1.14;2.52;543;590.1;7
GX29627;GX29627R3P1Ph5;PB;7;1.2;2.54;552.7;594.5;7
GX29627;GX29627R3P1Ph6;PB;7;1.12;2.58;497.9;564.5;7
GX29627;GX29627R3P1Ph7;PB;7;1.15;2.62;573.3;571.3;7
GX29664;GX29664R1P1Ph4;PB;7;1.19;2.4;532.9;553.4;43
GX29664;GX29664R1P1Ph5;PB;7;1.2;2.39;527.8;547;43
GX29664;GX29664R1P1Ph6;PB;7;1.21;2.41;523.5;544;43
GX29664;GX29664R1P1Ph7;PB;7;1.21;2.42;511.7;538.6;43
GX29664;GX29664R1P1Ph8;PB;7;1.18;2.45;516.1;531.9;43
GX29664;GX29664R1P1Ph9;PB;7;1.2;2.45;501.6;540.3;43
GX29664;GX29664R1P1Ph10;PB;7;1.22;2.45;523.5;542.3;43
GX29664;GX29664R1P1Ph11;PB;7;1.22;2.45;516.1;549.4;43
GX29664;GX29664R1P1Ph12;PB;7;1.17;2.48;490.5;533.6;43
GX29664;GX29664R1P1Ph13;PB;7;1.18;2.48;488.1;544.3;43
GX29664;GX29664R1P1Ph14;PB;7;1.17;2.48;478.4;533.2;43
GX29664;GX29664R1P1Ph15;PB;7;1.19;2.46;468;535.6;43
GX29664;GX29664R1P1Ph16;PB;7;1.18;2.46;470.7;523.8;43
GX29664;GX29664R1P1Ph17;PB;7;1.17;2.47;471;526.8;43
GX29664;GX29664R1P1Ph18;PB;7;1.15;2.49;462.2;522.5;43
GX29664;GX29664R1P1Ph19;PB;7;1.16;2.45;464.3;531.6;43
GX29664;GX29664R1P1Ph20;PB;7;1.16;2.47;456.9;538.3;43
GX29664;GX29664R1P1Ph21;PB;7;1.15;2.45;460.9;520.1;43
GX29664;GX29664R1P1Ph22;PB;7;1.18;2.46;460.9;532.6;43
GX29664;GX29664R1P1Ph23;PB;7;1.15;2.45;458.2;517.4;43
GX29664;GX29664R1P1Ph24;PB;7;1.19;2.44;470.3;513.7;43
GX29664;GX29664R1P1Ph25;PB;7;1.16;2.45;447.4;522.5;43
GX29664;GX29664R1P1Ph26;PB;7;1.17;2.45;469.6;522.5;43
GX29664;GX29664R1P1Ph27;PB;7;1.18;2.44;461.9;516.1;43
GX29664;GX29664R1P1Ph28;PB;7;1.16;2.43;470.3;508.7;43
GX29664;GX29664R1P1Ph29;PB;7;1.14;2.44;449.1;507.3;43
GX29664;GX29664R1P1Ph30;PB;7;1.15;2.45;453.2;509.7;43
GX29664;GX29664R1P1Ph31;PB;7;1.13;2.48;452.8;504.6;43
GX29664;GX29664R1P1Ph32;PB;7;1.16;2.45;432.3;521.8;43
GX29664;GX29664R1P1Ph33;PB;7;1.13;2.45;439.4;516.4;43
GX29664;GX29664R1P1Ph34;PB;7;1.12;2.46;449.8;516.4;43
GX29664;GX29664R1P1Ph35;PB;7;1.12;2.41;439.4;511;43
GX29664;GX29664R1P1Ph36;PB;7;1.12;2.44;442.7;515.7;43
GX29664;GX29664R1P1Ph37;PB;7;1.12;2.44;415.5;563.9;43
GX29664;GX29664R1P1Ph38;PB;7;1.09;2.44;418.8;537.9;43
GX29664;GX29664R1P1Ph39;PB;7;1.1;2.44;441;499.9;43
GX29664;GX29664R1P1Ph40;PB;7;1.11;2.43;435.7;508;43
GX29664;GX29664R1P1Ph41;PB;7;1.11;2.44;443.7;505;43
GX29664;GX29664R1P1Ph42;PB;7;1.11;2.45;436.7;541;43
GX29664;GX29664R2P1Ph3;PB;7;1.1;2.45;516.1;541.6;18
GX29664;GX29664R2P1Ph4;PB;7;1.14;2.41;518.1;542.3;18
GX29664;GX29664R2P1Ph5;PB;7;1.16;2.44;517.4;542;18
GX29664;GX29664R2P1Ph6;PB;7;1.15;2.47;508;518.8;18
GX29664;GX29664R2P1Ph7;PB;7;1.17;2.47;501.3;524.8;18
GX29664;GX29664R2P1Ph8;PB;7;1.14;2.48;492.9;510;18
GX29664;GX29664R2P1Ph9;PB;7;1.14;2.48;485.8;525.2;18
GX29664;GX29664R2P1Ph10;PB;7;1.13;2.48;495.6;523.8;18
GX29664;GX29664R2P1Ph11;PB;7;1.13;2.5;472;506;18
GX29664;GX29664R2P1Ph12;PB;7;1.11;2.53;462.2;514.1;18
GX29664;GX29664R2P1Ph13;PB;7;1.07;2.51;460.6;508;18
GX29664;GX29664R2P1Ph14;PB;7;1.1;2.52;438.7;513.7;18
GX29664;GX29664R2P1Ph15;PB;7;1.11;2.51;473.3;514.4;18
GX29664;GX29664R2P1Ph16;PB;7;1.1;2.52;457.5;506;18
GX29664;GX29664R2P1Ph17;PB;7;1.1;2.51;444.4;502.6;18
GX29664;GX29664R2P1Ph18;PB;7;1.05;2.52;430.6;500.6;18
GX29665;GX29665R1P1Ph2;PB;6;1.24;2.57;445.8;475;2
GX29665;GX29665R2P1Ph1;PB;6;1.43;2.17;333.4;469.3;6
GX29665;GX29665R2P1Ph2;PB;6;1.15;2.42;411.8;512.4;6
GX29665;GX29665R2P1Ph3;PB;6;1.22;2.4;451.5;524.5;6
GX29665;GX29665R2P1Ph4;PB;6;1.22;2.46;469.3;529.9;6
GX29665;GX29665R2P1Ph5;PB;6;1.27;2.51;467.6;527.8;6
GX29665;GX29665R2P1Ph6;PB;6;1.29;2.69;469.3;514.4;6
GX27269;GX27269R1P1Ph2;PB;11;1.11;4.01;575.8;582.5;4
GX27269;GX27269R1P1Ph3;PB;10;1.18;3.9;619.5;593.3;4
GX27269;GX27269R1P2Ph1;PB;9;1.18;3.1;461.1;513;3
GX27269;GX27269R1P2Ph2;PB;10;1.12;3.73;600.2;571.3;3
GX29833;GX29833R1P1Ph3;PB;12;1.21;4.15;537.1;853.7;5
GX29833;GX29833R1P1Ph4;PB;12;1.35;4.27;537.3;851.9;5
GX29833;GX29833R1P1Ph5;PB;2;0.82;1.04;335.28;759.7;5
GX29833;GX29833R1P2Ph1;PB;11;1.3;3.57;446.9;806.6;5
GX29833;GX29833R1P2Ph2;PB;12;1.21;4.21;517.1;823.3;5
GX29833;GX29833R1P2Ph3;PB;12;1.27;4.23;549.4;812.2;5
GX29833;GX29833R1P2Ph4;PB;12;1.23;4.21;486.8;824.8;5
GX29833;GX29833R1P3Ph2;PB;12;1.24;4.04;534.7;564;3
GX29589;GX29589R1P1Ph2;PB;6;1.23;2.52;470.3;566.2;12
GX29589;GX29589R1P1Ph3;PB;6;1.42;2.51;571.9;572.3;12
GX29589;GX29589R1P1Ph4;PB;6;1.2;2.52;558.5;581;12
GX29589;GX29589R1P1Ph5;PB;6;1.2;2.57;522.1;575.3;12
GX29589;GX29589R1P1Ph6;PB;6;1.32;2.64;468;750.9;12
GX29589;GX29589R1P1Ph7;PB;6;1.18;2.67;498.2;655.7;12
GX29589;GX29589R1P1Ph8;PB;6;1.31;2.69;450.8;693.7;12
GX29589;GX29589R1P1Ph9;PB;6;1.32;2.69;485.8;703.1;12
GX29589;GX29589R1P1Ph10;PB;6;1.27;2.7;440;740.5;12
GX29589;GX29589R1P1Ph11;PB;6;1.31;2.71;469;722.7;12
GX29589;GX29589R1P1Ph12;PB;6;1.22;2.8;425.04;765.1;12
GX29589;GX29589R1P2Ph1;PB;6;1.68;2.39;458.5;647;4
GX29589;GX29589R1P2Ph2;PB;6;1.11;2.64;455.2;696.1;4
GX29589;GX29589R1P2Ph3;PB;6;1.27;2.68;459.9;741.8;4
GX29589;GX29589R1P3Ph1;PB;6;1.55;2.44;400.93;743.9;4
GX29589;GX29589R1P3Ph2;PB;6;1.34;2.63;500.3;684.3;4
GX29589;GX29589R1P3Ph3;PB;6;1.27;2.7;467;745.2;4
GX29589;GX29589R1P4Ph1;PB;7;1.51;2.45;468.3;730.7;3
GX29589;GX29589R1P4Ph2;PB;6;1.38;2.62;512.4;578;3
GX29589;GX29589R1P5Ph1;PB;7;1.53;2.49;470.06;702.8;3
GX29589;GX29589R1P5Ph2;PB;7;1.33;2.64;541;584;3
GX29589;GX29589R1P6Ph1;PB;7;1.51;2.52;778.5;713.6;2
GX29589;GX29589R2P1Ph2;PB;6;1.4;2.58;503.3;539.6;7
GX29589;GX29589R2P1Ph3;PB;7;1;2.71;605.2;692.4;7
GX29589;GX29589R2P1Ph4;PB;6;1.02;2.62;549;601.2;7
GX29589;GX29589R2P1Ph5;PB;6;0.97;2.69;560.5;671.2;7
GX29589;GX29589R2P1Ph6;PB;6;0.9;2.79;565.9;693.7;7
GX29589;GX29589R2P2Ph1;PB;7;1.29;2.35;418.22;685;3
GX29589;GX29589R2P2Ph2;PB;6;1.2;2.56;545;546;3
GX29589;GX29589R2P3Ph1;PB;7;1.14;2.37;345.63;656.7;2
GX29589;GX29589R2P3Ph2;PB;6;1.02;2.64;440.7;584.7;2
GX29589;GX29589R2P4Ph1;PB;7;1.37;2.44;428.58;674.2;3
GX29589;GX29589R2P4Ph2;PB;6;1.2;2.59;438.7;551.4;3
GX29589;GX29589R2P5Ph1;PB;7;1.15;2.41;433;624.1;2
GX29660;GX29660R1P1Ph2;PB;11;1.06;3.83;463.3;512.7;4
GX29660;GX29660R1P1Ph3;PB;10;1.14;3.62;492.9;508.3;4
GX29660;GX29660R1P2Ph1;PB;11;0.96;3.63;396;685.3;3
GX29660;GX29660R1P2Ph2;PB;11;1.11;3.86;482.8;687.3;3
GX29660;GX29660R2P1Ph1;PB;11;1.15;3.51;387.2;453.7;10
GX29660;GX29660R2P1Ph2;PB;11;1.15;3.89;500.3;531.7;10
GX29660;GX29660R2P1Ph3;PB;11;1.24;3.78;546.5;548.5;10
GX29660;GX29660R2P1Ph4;PB;10;1.22;3.61;534.9;526.7;10
GX29660;GX29660R2P1Ph5;PB;10;1.21;3.63;505.3;507.7;10
GX29660;GX29660R2P1Ph6;PB;10;1.18;3.66;504;504.6;10
GX29660;GX29660R2P1Ph7;PB;10;1.15;3.66;493;493.7;10
GX29660;GX29660R2P1Ph8;PB;10;1.15;3.7;462.2;485.5;10
GX29660;GX29660R2P1Ph9;PB;10;1.17;3.63;456.7;480.6;10
GX29660;GX29660R3P1Ph1;PB;11;1.1;3.45;418.2;468.5;5
GX29660;GX29660R3P1Ph2;PB;10;1.2;3.69;489.8;519.4;5
GX29660;GX29660R3P1Ph3;PB;10;1.19;3.65;535.4;533.1;5
GX29660;GX29660R3P1Ph4;PB;10;1.2;3.66;499.8;523.8;5
GX29660;GX29660R3P1Ph5;PB;10;1.17;3.7;474.2;509.3;5
GX29660;GX29660R3P2Ph1;PB;10;1.12;3.38;369.5;565.4;4
GX29660;GX29660R3P2Ph2;PB;10;1.14;3.68;467.5;519.1;4
GX29660;GX29660R3P2Ph3;PB;10;1.15;3.64;503.3;523.5;4
GX29625;GX29625R1P1Ph3;PB;6;0.98;2.21;412.1;702.8;31
GX29625;GX29625R1P1Ph4;PB;6;1.02;2.23;422.9;705.8;31
GX29625;GX29625R1P1Ph5;PB;6;1.04;2.27;419.2;698.8;31
GX29625;GX29625R1P1Ph6;PB;6;1.06;2.22;391.2;689.3;31
GX29625;GX29625R1P1Ph7;PB;6;1.03;2.31;391.2;690.4;31
GX29625;GX29625R1P1Ph8;PB;6;1.01;2.29;368.7;671.2;31
GX29625;GX29625R1P1Ph9;PB;6;1.04;2.24;374.4;658.1;31
GX29625;GX29625R1P1Ph10;PB;6;1;2.31;362.3;661.1;31
GX29625;GX29625R1P1Ph11;PB;6;0.97;2.29;362.6;647.3;31
GX29625;GX29625R1P1Ph12;PB;6;0.98;2.3;360.6;655;31
GX29625;GX29625R1P1Ph13;PB;6;1;2.27;361.6;657;31
GX29625;GX29625R1P1Ph14;PB;6;0.99;2.31;352.6;657.7;31
GX29625;GX29625R1P1Ph15;PB;6;0.98;2.33;354.2;650.7;31
GX29625;GX29625R1P1Ph16;PB;6;0.97;2.32;361.3;656.4;31
GX29625;GX29625R1P1Ph17;PB;6;1.01;2.26;349.2;646.6;31
GX29625;GX29625R1P1Ph18;PB;7;0.99;2.37;350.5;649.3;31
GX29625;GX29625R1P1Ph19;PB;7;0.99;2.36;358.9;660.4;31
GX29625;GX29625R1P1Ph20;PB;6;0.96;2.33;360;660.8;31
GX29625;GX29625R1P1Ph21;PB;7;1.06;2.3;365.7;661.4;31
GX29625;GX29625R1P1Ph22;PB;6;0.99;2.34;368.7;670.8;31
GX29625;GX29625R1P1Ph23;PB;7;1.08;2.3;370.7;665.1;31
GX29625;GX29625R1P1Ph24;PB;7;1.02;2.35;351.9;657.7;31
GX29625;GX29625R1P1Ph25;PB;6;0.96;2.27;349.31;644.6;31
GX29625;GX29625R1P1Ph26;PB;6;0.96;2.31;331.4;631.8;31
GX29625;GX29625R1P1Ph27;PB;7;0.97;2.39;342.8;635.5;31
GX29625;GX29625R1P1Ph28;PB;6;0.97;2.3;366.7;654;31
GX29625;GX29625R1P1Ph29;PB;6;0.98;2.3;361;648.6;31
GX29625;GX29625R1P1Ph30;PB;6;0.96;2.33;350.2;647.3;31
GX29625;GX29625R1P1Ph31;PB;6;0.96;2.29;327.3;626.4;31
GX29625;GX29625R2P1Ph4;PB;6;1.04;2.13;419.5;668.2;30
GX29625;GX29625R2P1Ph5;PB;6;1.07;2.22;442.1;678.6;30
GX29625;GX29625R2P1Ph6;PB;6;1.09;2.25;429.6;683;30
GX29625;GX29625R2P1Ph7;PB;6;1.1;2.31;431;681.3;30
GX29625;GX29625R2P1Ph8;PB;6;1.08;2.32;422.5;686.7;30
GX29625;GX29625R2P1Ph9;PB;6;1.07;2.35;414.1;691;30
GX29625;GX29625R2P1Ph10;PB;6;1.06;2.35;407.7;677.2;30
GX29625;GX29625R2P1Ph11;PB;6;1.07;2.36;406.7;654;30
GX29625;GX29625R2P1Ph12;PB;6;1.05;2.38;385.5;633.5;30
GX29625;GX29625R2P1Ph13;PB;6;1.04;2.38;404;683.3;30
GX29625;GX29625R2P1Ph14;PB;6;1.06;2.35;396;688;30
GX29625;GX29625R2P1Ph15;PB;6;1.06;2.35;366.4;635.9;30
GX29625;GX29625R2P1Ph16;PB;6;1.04;2.34;390.2;661.1;30
GX29625;GX29625R2P1Ph17;PB;6;1.03;2.37;374.4;671.9;30
GX29625;GX29625R2P1Ph18;PB;6;1.04;2.37;376.8;658.7;30
GX29625;GX29625R2P1Ph19;PB;6;1.07;2.36;392.3;670.8;30
GX29625;GX29625R2P1Ph20;PB;6;1.03;2.39;379.1;665.1;30
GX29625;GX29625R2P1Ph21;PB;6;1.03;2.41;381.8;671.5;30
GX29625;GX29625R2P1Ph22;PB;6;1.05;2.38;391.9;665.5;30
GX29625;GX29625R2P1Ph23;PB;6;1;2.39;381.8;663.1;30
GX29625;GX29625R2P1Ph24;PB;6;1.05;2.34;374.1;656.4;30
GX29625;GX29625R2P1Ph25;PB;6;1.01;2.4;382.8;665.8;30
GX29625;GX29625R2P1Ph26;PB;6;1.05;2.29;382.6;664.5;30
GX29625;GX29625R2P1Ph27;PB;6;1.02;2.39;395.3;680.3;30
GX29625;GX29625R2P1Ph28;PB;6;1.02;2.36;368.4;651.7;30
GX29625;GX29625R2P1Ph29;PB;6;1.02;2.36;386.2;657;30
GX29625;GX29625R2P1Ph30;PB;6;0.97;2.34;338.1;640.6;30
GX29625;GX29625R2P2Ph1;PB;6;0.69;1.97;315.9;629.8;8
GX29625;GX29625R2P2Ph2;PB;6;0.96;2.23;368.4;649.3;8
GX29625;GX29625R2P2Ph3;PB;6;1;2.25;389.9;671.2;8
GX29625;GX29625R2P2Ph4;PB;6;1.02;2.28;391.9;674.5;8
GX29625;GX29625R2P2Ph5;PB;6;1.03;2.32;391.2;671.5;8
GX29625;GX29625R2P2Ph6;PB;6;1.05;2.32;385.5;663.8;8
GX29625;GX29625R2P2Ph7;PB;6;1.05;2.35;363.3;664.1;8
GX29625;GX29625R3P1Ph3;PB;6;0.99;2.13;433.3;671.9;20
GX29625;GX29625R3P1Ph4;PB;6;1.06;2.17;432.6;695.7;20
GX29625;GX29625R3P1Ph5;PB;6;1.06;2.22;432.3;698.1;20
GX29625;GX29625R3P1Ph6;PB;6;1.1;2.2;438.7;683.6;20
GX29625;GX29625R3P1Ph7;PB;6;1.08;2.26;423.9;677.9;20
GX29625;GX29625R3P1Ph8;PB;6;1.07;2.27;419.8;680.6;20
GX29625;GX29625R3P1Ph9;PB;6;1.09;2.31;434.3;684.3;20
GX29625;GX29625R3P1Ph10;PB;6;1.07;2.3;412.4;693.1;20
GX29625;GX29625R3P1Ph11;PB;6;1.04;2.32;422.9;686;20
GX29625;GX29625R3P1Ph12;PB;6;1.07;2.3;416.1;682.3;20
GX29625;GX29625R3P1Ph13;PB;6;1.07;2.31;408.7;680.6;20
GX29625;GX29625R3P1Ph14;PB;6;1.06;2.26;403;677.6;20
GX29625;GX29625R3P1Ph15;PB;6;1.07;2.29;404;684;20
GX29625;GX29625R3P1Ph16;PB;6;1.07;2.25;390.9;668.2;20
GX29625;GX29625R3P1Ph17;PB;6;1.03;2.34;404;682.6;20
GX29625;GX29625R3P1Ph18;PB;6;1.03;2.29;415.28;688;20
GX29625;GX29625R3P1Ph19;PB;6;1.05;2.26;407.7;676.6;20
GX29625;GX29625R3P1Ph20;PB;6;1.04;2.3;396.3;666.1;20
GX29625;GX29625R3P2Ph1;PB;6;0.82;1.88;347.2;670.2;6
GX29625;GX29625R3P2Ph2;PB;6;0.99;2.22;407.7;684;6
GX29625;GX29625R3P2Ph3;PB;6;1.03;2.23;429.6;692.7;6
GX29625;GX29625R3P2Ph4;PB;6;1.05;2.25;423.5;687.3;6
GX29625;GX29625R3P2Ph5;PB;6;1.05;2.29;413.1;675.6;6
GX29625;GX29625R4P2Ph1;PB;6;0.71;1.87;333.4;657;9
GX29625;GX29625R4P2Ph2;PB;6;0.96;2.22;403.4;682.6;9
GX29625;GX29625R4P2Ph3;PB;6;1.01;2.21;406.7;695.4;9
GX29625;GX29625R4P2Ph4;PB;6;1.03;2.26;415.1;686;9
GX29625;GX29625R4P2Ph5;PB;6;1.05;2.29;397.3;676.6;9
GX29625;GX29625R4P2Ph6;PB;6;1.01;2.34;366.7;656.7;9
GX29625;GX29625R4P2Ph7;PB;6;1.01;2.35;376.1;650;9
GX29625;GX29625R4P2Ph8;PB;6;1.02;2.31;384.9;673.5;9
GX29613;GX29613R1P1Ph3;PB;8;1.2;3.07;534.9;511;8
GX29613;GX29613R1P1Ph4;PB;8;1.23;3.14;507.7;498.6;8
GX29613;GX29613R1P1Ph5;PB;8;1.2;3.23;487;478.1;8
GX29613;GX29613R1P1Ph6;PB;8;1.14;3.3;433;450.6;8
GX29613;GX29613R1P1Ph7;PB;8;1.13;3.34;428.1;446.8;8
GX29613;GX29613R1P1Ph8;PB;8;1.12;3.33;399.8;424.9;8
GX29613;GX29613R1P2Ph1;PB;8;1.28;2.78;360.6;410.4;3
GX29613;GX29613R1P2Ph2;PB;8;1.18;3.27;484.4;475;3
GX29613;GX29613R1P3Ph1;PB;8;1.24;2.71;356.9;407.4;2
