FILE;MODALITE;START;sites;ACI;BIOAC;H;ADI;NP
SMAJYB04_20220408_111602.wav;test;08/04/2022 11:16;4_test;8817,921418;63,08986584;0,908912425;2,515885;1
SMAJYB04_20220408_114602.wav;test;08/04/2022 11:46;4_test;8817,193417;62,96175139;0,908631757;2,604352;1
SMAJYB04_20220408_121602.wav;test;08/04/2022 12:16;4_test;8815,658835;62,83149661;0,908261716;2,611579;1
SMAJYB04_20220408_124602.wav;test;08/04/2022 12:46;4_test;8817,235769;63,10706244;0,908563429;2,558676;1
SMAJYB04_20220408_131602.wav;test;08/04/2022 13:16;4_test;8816,016857;63,11816722;0,908706253;2,516414;1
SMAJYB04_20220408_134602.wav;test;08/04/2022 13:46;4_test;8817,99885;62,9376809;0,908541582;2,534707;1
SMAJYB04_20220408_141602.wav;test;08/04/2022 14:16;4_test;8819,247319;63,05030054;0,908219854;2,424316;2
SMAJYB04_20220408_144602.wav;test;08/04/2022 14:46;4_test;8813,517517;63,05616263;0,908926249;2,61302;1
SMAJYB04_20220408_151602.wav;test;08/04/2022 15:16;4_test;8816,629201;63,17792022;0,908973487;2,602445;1
SMAJYB04_20220408_154602.wav;test;08/04/2022 15:46;4_test;8817,287359;63,12732789;0,908770094;2,595517;1
SMAJYB04_20220408_161602.wav;test;08/04/2022 16:16;4_test;8818,275806;63,19488405;0,909039963;2,557739;2
SMAJYB04_20220408_164602.wav;test;08/04/2022 16:46;4_test;8816,825363;63,13048998;0,908740218;2,580559;1
SMAJYB04_20220408_171602.wav;test;08/04/2022 17:16;4_test;8816,388402;63,16526424;0,908938363;2,610879;1
SMAJYB04_20220408_174602.wav;test;08/04/2022 17:46;4_test;8820,495487;63,08374961;0,908711487;2,592222;2
SMAJYB04_20220408_181602.wav;test;08/04/2022 18:16;4_test;8816,154347;63,24937859;0,908666981;2,591964;2
SMAJYB04_20220408_184602.wav;test;08/04/2022 18:46;4_test;8816,574028;63,25256891;0,908473685;2,601497;2
SMAJYB04_20220408_191602.wav;test;08/04/2022 19:16;4_test;8812,50816;63,12703395;0,908231297;2,601923;3
SMAJYB04_20220408_194602.wav;test;08/04/2022 19:46;4_test;8812,454669;63,0182988;0,908042481;2,592789;3
SMAJYB04_20220408_201602.wav;test;08/04/2022 20:16;4_test;8814,035902;63,0732908;0,907987584;2,600396;3
SMAJYB04_20220408_204602.wav;test;08/04/2022 20:46;4_test;8815,918603;63,01954024;0,908051224;2,612617;2
SMAJYB04_20220408_211602.wav;test;08/04/2022 21:16;4_test;8814,556703;63,0894283;0,908139951;2,602244;3
SMAJYB04_20220408_214602.wav;test;08/04/2022 21:46;4_test;8814,483187;62,98386444;0,908178902;2,59109;3
SMAJYB04_20220408_221602.wav;test;08/04/2022 22:16;4_test;8976,568335;61,85345606;0,909787118;2,549543;2
SMAJYB04_20220408_224602.wav;test;08/04/2022 22:46;4_test;8840,741941;63,03075424;0,908309589;2,564156;3
SMAJYB04_20220408_231602.wav;test;08/04/2022 23:16;4_test;8822,561591;63,1187685;0,908485794;2,606594;2
SMAJYB04_20220408_234602.wav;test;08/04/2022 23:46;4_test;8818,740851;62,98315761;0,908322221;2,602356;3
SMAJYB04_20220409_001602.wav;test;09/04/2022 00:16;4_test;8816,587453;63,00670615;0,908157836;2,602074;2
SMAJYB04_20220409_004602.wav;test;09/04/2022 00:46;4_test;8819,670541;62,97889083;0,908139904;2,584679;2
SMAJYB04_20220409_011602.wav;test;09/04/2022 01:16;4_test;8817,257146;63,10148606;0,908232074;2,602348;3
SMAJYB04_20220409_014602.wav;test;09/04/2022 01:46;4_test;8826,489563;63,11227047;0,908281568;2,609231;3
SMAJYB04_20220409_021602.wav;test;09/04/2022 02:16;4_test;8823,261017;62,98943558;0,907916112;2,587981;3
SMAJYB04_20220409_024602.wav;test;09/04/2022 02:46;4_test;8816,069421;63,08826273;0,907707174;2,59317;3
SMAJYB04_20220409_031602.wav;test;09/04/2022 03:16;4_test;8817,105156;63,09268517;0,907707119;2,577259;3
SMAJYB04_20220409_034602.wav;test;09/04/2022 03:46;4_test;8816,156214;63,08020465;0,907672398;2,565121;3
SMAJYB04_20220409_041602.wav;test;09/04/2022 04:16;4_test;8818,747458;63,14889517;0,907639154;2,583517;2
SMAJYB04_20220409_044602.wav;test;09/04/2022 04:46;4_test;8818,300064;63,13941408;0,907610918;2,588786;3
SMAJYB04_20220409_051602.wav;test;09/04/2022 05:16;4_test;8817,817481;62,99340041;0,907812648;2,606064;2
SMAJYB04_20220409_054602.wav;test;09/04/2022 05:46;4_test;8972,709792;62,41098604;0,908151045;2,544009;2
SMAJYB04_20220409_061602.wav;test;09/04/2022 06:16;4_test;8854,484527;62,62990261;0,908144346;2,544759;2
SMAJYB04_20220409_064602.wav;test;09/04/2022 06:46;4_test;9935,996279;34,98322602;0,895667495;2,58717;2
SMAJYB04_20220409_071602.wav;test;09/04/2022 07:16;4_test;9337,584407;43,94736321;0,912613725;2,520673;2
SMAJYB04_20220409_074602.wav;test;09/04/2022 07:46;4_test;9221,9388;55,75614598;0,907888655;2,532756;2
SMAJYB04_20220409_081602.wav;test;09/04/2022 08:16;4_test;8871,843764;63,05339692;0,908603553;2,588883;2
SMAJYB04_20220409_084602.wav;test;09/04/2022 08:46;4_test;8830,934446;63,14774337;0,908933089;2,561026;1
SMAJYB04_20220409_091602.wav;test;09/04/2022 09:16;4_test;8819,228959;63,19846564;0,909087373;2,512204;1
SMAJYB04_20220409_094602.wav;test;09/04/2022 09:46;4_test;8821,05921;63,0352931;0,908927987;2,542137;2
SMAJYB04_20220409_101602.wav;test;09/04/2022 10:16;4_test;8817,964605;62,9521038;0,908859489;2,572763;1
SMAJYB04_20220409_104602.wav;test;09/04/2022 10:46;4_test;8815,088849;63,05868452;0,908990511;2,526919;1
SMAJYB04_20220409_111602.wav;test;09/04/2022 11:16;4_test;8818,786463;63,13879522;0,909163009;2,518232;1
SMAJYB04_20220409_114602.wav;test;09/04/2022 11:46;4_test;8817,25569;63,1512985;0,90917718;2,603293;1
SMAJYB04_20220409_121602.wav;test;09/04/2022 12:16;4_test;8816,423667;63,0659876;0,909006552;2,50706;2
SMAJYB04_20220409_124602.wav;test;09/04/2022 12:46;4_test;8815,557607;63,08679073;0,908924171;2,462824;2
SMAJYB04_20220409_131602.wav;test;09/04/2022 13:16;4_test;8816,12795;63,10844989;0,909035159;2,605256;2
SMAJYB04_20220409_134602.wav;test;09/04/2022 13:46;4_test;8816,34836;63,11595482;0,909131958;2,620562;1
SMAJYB04_20220409_141602.wav;test;09/04/2022 14:16;4_test;8815,19955;63,09150416;0,909177663;2,609256;1
SMAJYB04_20220409_144602.wav;test;09/04/2022 14:46;4_test;8817,114629;63,09199575;0,909159155;2,547681;1
SMAJYB04_20220409_151602.wav;test;09/04/2022 15:16;4_test;8815,371691;63,04465454;0,908924494;2,549266;1
SMAJYB04_20220409_154602.wav;test;09/04/2022 15:46;4_test;8815,614317;63,14835944;0,909142168;2,602491;1
SMAJYB04_20220409_161602.wav;test;09/04/2022 16:16;4_test;8816,029625;63,11225514;0,909020681;2,587864;1
SMAJYB04_20220409_164602.wav;test;09/04/2022 16:46;4_test;8815,541892;63,16553812;0,908959325;2,601813;1
SMAJYB04_20220409_171602.wav;test;09/04/2022 17:16;4_test;8816,034384;63,11011978;0,90882633;2,554658;1
SMAJYB04_20220409_174602.wav;test;09/04/2022 17:46;4_test;8817,852845;63,0519441;0,908742773;2,603056;2
SMAJYB04_20220409_181602.wav;test;09/04/2022 18:16;4_test;8816,765108;63,28683918;0,908354519;2,606162;2
SMAJYB04_20220409_184602.wav;test;09/04/2022 18:46;4_test;8815,614516;63,18649977;0,908311954;2,607716;2
SMAJYB04_20220409_191602.wav;test;09/04/2022 19:16;4_test;8817,050886;62,982411;0,907986487;2,607558;2
SMAJYB04_20220409_194602.wav;test;09/04/2022 19:46;4_test;8819,508011;62,93958419;0,907988672;2,600477;2
SMAJYB04_20220409_201602.wav;test;09/04/2022 20:16;4_test;8816,373364;62,89353629;0,908103634;2,601635;2
SMAJYB04_20220409_204602.wav;test;09/04/2022 20:46;4_test;8817,448393;62,8572711;0,907857403;2,582701;2
SMAJYB04_20220409_211602.wav;test;09/04/2022 21:16;4_test;8814,071736;62,90866466;0,907958453;2,595007;2
SMAJYB04_20220409_214602.wav;test;09/04/2022 21:46;4_test;8816,556358;62,8053386;0,907637996;2,597495;2
SMAJYB04_20220409_221602.wav;test;09/04/2022 22:16;4_test;8815,550075;62,8338449;0,907889086;2,602728;2
SMAJYB04_20220409_224602.wav;test;09/04/2022 22:46;4_test;8814,017893;62,78613494;0,907820855;2,602796;2
SMAJYB04_20220409_231602.wav;test;09/04/2022 23:16;4_test;8816,380336;62,70209004;0,907709754;2,600511;2
SMAJYB04_20220409_234602.wav;test;09/04/2022 23:46;4_test;8815,295074;62,73611675;0,907559986;2,604174;2
SMAJYB04_20220410_001602.wav;test;10/04/2022 00:16;4_test;8812,696895;62,75184696;0,907609702;2,591556;2
SMAJYB04_20220410_004602.wav;test;10/04/2022 00:46;4_test;8814,392653;62,69306386;0,907508689;2,588662;2
SMAJYB04_20220410_011602.wav;test;10/04/2022 01:16;4_test;8816,959258;62,63164904;0,907480138;2,603019;2
SMAJYB04_20220410_014602.wav;test;10/04/2022 01:46;4_test;8817,980794;62,6597752;0,907322642;2,593884;2
SMAJYB04_20220410_021602.wav;test;10/04/2022 02:16;4_test;8818,050191;62,75105681;0,907413135;2,592359;2
SMAJYB04_20220410_024602.wav;test;10/04/2022 02:46;4_test;8817,578777;62,68721751;0,907043181;2,588104;2
SMAJYB04_20220410_031602.wav;test;10/04/2022 03:16;4_test;8823,865278;62,83257479;0,907433874;2,595151;2
SMAJYB04_20220410_034602.wav;test;10/04/2022 03:46;4_test;8817,736827;62,83712704;0,907193104;2,57855;2
SMAJYB04_20220410_041602.wav;test;10/04/2022 04:16;4_test;8818,274928;62,81617057;0,907285092;2,601606;2
SMAJYB04_20220410_044602.wav;test;10/04/2022 04:46;4_test;8820,9571;62,90467149;0,907463894;2,608935;2
SMAJYB04_20220410_051602.wav;test;10/04/2022 05:16;4_test;8817,66834;62,76300064;0,90777215;2,57427;2
SMAJYB04_20220410_054602.wav;test;10/04/2022 05:46;4_test;8815,404979;62,59630131;0,908004407;2,571131;1
SMAJYB04_20220410_061602.wav;test;10/04/2022 06:16;4_test;8814,4432;62,61741004;0,908047611;2,562905;1
SMAJYB04_20220410_064602.wav;test;10/04/2022 06:46;4_test;10290,18327;36,67493911;0,894666393;2,71687;2
SMAJYB04_20220410_104102.wav;control;10/04/2022 10:41;4_control;9911,05179;44,62600984;0,934054369;2,438414;4
SMAJYB04_20220410_111102.wav;control;10/04/2022 11:11;4_control;9134,892665;43,26780556;0,903025357;2,374167;5
SMAJYB04_20220410_114102.wav;control;10/04/2022 11:41;4_control;10441,16154;36,8692554;0,921555258;2,517215;10
SMAJYB04_20220410_121102.wav;control;10/04/2022 12:11;4_control;9433,562941;45,91032822;0,902631736;2,396786;5
SMAJYB04_20220410_124102.wav;control;10/04/2022 12:41;4_control;9013,91915;37,49561821;0,902014362;1,983713;7
SMAJYB04_20220410_131102.wav;control;10/04/2022 13:11;4_control;8959,371508;38,45717362;0,905180775;2,376357;8
SMAJYB04_20220410_134102.wav;control;10/04/2022 13:41;4_control;9050,399922;38,70783969;0,901296246;2,320038;3
SMAJYB04_20220410_141102.wav;control;10/04/2022 14:11;4_control;8891,839069;39,14552059;0,904086866;2,312907;4
SMAJYB04_20220410_144102.wav;control;10/04/2022 14:41;4_control;8891,68029;39,38372223;0,902935832;2,313957;7
SMAJYB04_20220410_151102.wav;control;10/04/2022 15:11;4_control;8882,517394;35,10348116;0,905311997;2,466631;5
SMAJYB04_20220410_154102.wav;control;10/04/2022 15:41;4_control;8874,613201;34,73162439;0,903659314;2,322067;4
SMAJYB04_20220410_161102.wav;control;10/04/2022 16:11;4_control;8876,534076;33,6749125;0,900970254;2,330281;4
SMAJYB04_20220410_164102.wav;control;10/04/2022 16:41;4_control;8890,688174;33,79151197;0,903571603;2,331347;4
SMAJYB04_20220410_171102.wav;control;10/04/2022 17:11;4_control;8883,591543;34,57955103;0,899973266;2,27441;5
SMAJYB04_20220410_174102.wav;control;10/04/2022 17:41;4_control;8885,804701;33,75422132;0,899451748;2,051342;4
SMAJYB04_20220410_181102.wav;control;10/04/2022 18:11;4_control;9238,267636;40,24938034;0,873869753;1,085581;6
SMAJYB04_20220410_184102.wav;control;10/04/2022 18:41;4_control;9044,34818;39,4468666;0,891666089;1,048912;8
SMAJYB04_20220410_191102.wav;control;10/04/2022 19:11;4_control;9147,156327;37,94323276;0,897248652;1,113825;7
SMAJYB04_20220410_194102.wav;control;10/04/2022 19:41;4_control;9201,571051;38,46515315;0,894225092;1,018541;7
SMAJYB04_20220410_201102.wav;control;10/04/2022 20:11;4_control;9038,398712;38,4371724;0,900961664;1,310643;8
SMAJYB04_20220410_204102.wav;control;10/04/2022 20:41;4_control;9025,653999;37,07034613;0,899164985;1,581942;7
SMAJYB04_20220410_211102.wav;control;10/04/2022 21:11;4_control;8929,561213;36,33575039;0,897086433;1,706572;4
SMAJYB04_20220410_214102.wav;control;10/04/2022 21:41;4_control;9033,63639;37,17240387;0,90061646;1,765623;6
SMAJYB04_20220410_221102.wav;control;10/04/2022 22:11;4_control;9470,561426;39,48164353;0,90138185;1,65303;9
SMAJYB04_20220410_224102.wav;control;10/04/2022 22:41;4_control;9414,024494;40,43643497;0,904153769;1,492972;8
SMAJYB04_20220410_231102.wav;control;10/04/2022 23:11;4_control;9498,122428;43,62115102;0,906221531;1,371142;8
SMAJYB04_20220410_234102.wav;control;10/04/2022 23:41;4_control;9230,63358;37,29535449;0,8971638;1,509168;5
SMAJYB04_20220411_001102.wav;control;11/04/2022 00:11;4_control;9250,049894;38,93065987;0,898771594;0,9205;8
SMAJYB04_20220411_004102.wav;control;11/04/2022 00:41;4_control;9074,061097;37,59508697;0,898545023;1,59241;8
SMAJYB04_20220411_011102.wav;control;11/04/2022 01:11;4_control;9210,842628;36,64038406;0,895505353;1,562016;4
SMAJYB04_20220411_014102.wav;control;11/04/2022 01:41;4_control;9255,572836;38,78064218;0,893311385;1,311754;8
SMAJYB04_20220411_021102.wav;control;11/04/2022 02:11;4_control;9421,697569;42,36242602;0,908065163;1,47866;11
SMAJYB04_20220411_024102.wav;control;11/04/2022 02:41;4_control;9407,29699;42,883243;0,906902432;1,459646;10
SMAJYB04_20220411_031102.wav;control;11/04/2022 03:11;4_control;9585,599677;44,06606714;0,902556714;1,24002;12
SMAJYB04_20220411_034102.wav;control;11/04/2022 03:41;4_control;9511,724933;45,31556383;0,910155492;1,13283;13
SMAJYB04_20220411_041102.wav;control;11/04/2022 04:11;4_control;9556,263368;45,63496567;0,905193582;1,250987;12
SMAJYB04_20220411_044102.wav;control;11/04/2022 04:41;4_control;8931,90395;39,76522904;0,907593947;1,657325;4
SMAJYB04_20220411_051102.wav;control;11/04/2022 05:11;4_control;9061,098472;41,27058142;0,90503411;1,580215;7
SMAJYB04_20220411_054102.wav;control;11/04/2022 05:41;4_control;9062,024715;41,66247437;0,907791597;1,734073;9
SMAJYB04_20220411_061102.wav;control;11/04/2022 06:11;4_control;9187,845226;37,63950056;0,900783862;1,835567;6
SMAJYB04_20220411_064102.wav;control;11/04/2022 06:41;4_control;8885,350144;32,89396749;0,900272073;1,920034;3
SMAJYB04_20220411_071102.wav;control;11/04/2022 07:11;4_control;8909,553634;34,59478751;0,898476315;1,907222;5
SMAJYB04_20220411_074102.wav;control;11/04/2022 07:41;4_control;8888,911847;35,09113451;0,89800756;1,947566;6
SMAJYB04_20220411_081102.wav;control;11/04/2022 08:11;4_control;8896,735176;34,38017958;0,900072422;2,169437;5
SMAJYB04_20220411_084102.wav;control;11/04/2022 08:41;4_control;8924,619943;34,59231008;0,901153473;2,191307;5
SMAJYB04_20220411_091102.wav;control;11/04/2022 09:11;4_control;8934,849537;35,56840115;0,90117604;2,244178;5
SMAJYB04_20220411_094102.wav;control;11/04/2022 09:41;4_control;8968,617898;36,95908931;0,902088799;2,050163;5
SMAJYB04_20220411_101102.wav;control;11/04/2022 10:11;4_control;8949,019227;35,55271373;0,903540317;2,186152;4
SMAJYB04_20220411_104102.wav;control;11/04/2022 10:41;4_control;8990,1592;37,74860437;0,897468393;1,977907;6
SMAJYB04_20220411_111102.wav;control;11/04/2022 11:11;4_control;9057,015399;40,48164177;0,884061503;1,749105;5
SMAJYB04_20220411_114102.wav;control;11/04/2022 11:41;4_control;8951,881684;36,0896801;0,908068493;2,388314;5
SMAJYB04_20220411_121102.wav;control;11/04/2022 12:11;4_control;8898,388719;33,58098408;0,90784709;2,472419;4
SMAJYB04_20220411_124102.wav;control;11/04/2022 12:41;4_control;8893,011084;34,78444637;0,906313086;2,41158;3
SMAJYB04_20220411_131102.wav;control;11/04/2022 13:11;4_control;8990,619917;36,91972112;0,90489744;2,232236;5
SMAJYB04_20220411_134102.wav;control;11/04/2022 13:41;4_control;8916,125597;37,35049377;0,901751008;2,103573;5
SMAJYB04_20220411_141102.wav;control;11/04/2022 14:11;4_control;9153,093872;32,23972581;0,847722212;1,828255;2
SMAJYB04_20220411_144102.wav;control;11/04/2022 14:41;4_control;9002,920907;38,84783443;0,88087684;2,193759;3
SMAJYB04_20220411_151102.wav;control;11/04/2022 15:11;4_control;9535,832849;40,5675228;0,902542358;2,435247;4
SMAJYB04_20220411_154102.wav;control;11/04/2022 15:41;4_control;9015,725566;36,93032185;0,903338475;2,288925;7
SMAJYB04_20220411_161102.wav;control;11/04/2022 16:11;4_control;8977,182682;38,59848179;0,898897259;2,455437;3
SMAJYB04_20220411_164102.wav;control;11/04/2022 16:41;4_control;9543,572261;47,78752289;0,902755301;2,470448;3
SMAJYB04_20220411_171102.wav;control;11/04/2022 17:11;4_control;9254,635836;41,1301904;0,902401931;2,321304;3
SMAJYB04_20220411_174102.wav;control;11/04/2022 17:41;4_control;9232,005703;39,9010794;0,902176458;1,947786;5
SMAJYB04_20220411_181102.wav;control;11/04/2022 18:11;4_control;9085,636966;40,28753971;0,900433082;1,467526;7
SMAJYB04_20220411_184102.wav;control;11/04/2022 18:41;4_control;8976,811606;38,54726288;0,901785407;1,651633;6
SMAJYB04_20220411_191102.wav;control;11/04/2022 19:11;4_control;8981,868775;38,72831349;0,902390351;1,576041;9
SMAJYB04_20220411_194102.wav;control;11/04/2022 19:41;4_control;8993,512622;38,91986398;0,902945922;1,894207;3
SMAJYB04_20220411_201102.wav;control;11/04/2022 20:11;4_control;8935,821001;37,64606406;0,902025564;1,646213;4
SMAJYB04_20220411_204102.wav;control;11/04/2022 20:41;4_control;9033,186657;38,37497938;0,90649765;1,514193;3
SMAJYB04_20220411_211102.wav;control;11/04/2022 21:11;4_control;9137,181365;38,57202448;0,908741143;1,581762;5
SMAJYB04_20220411_214102.wav;control;11/04/2022 21:41;4_control;9197,875935;39,05843548;0,905486884;1,46168;5
SMAJYB04_20220411_221102.wav;control;11/04/2022 22:11;4_control;9103,207273;37,96119147;0,90540654;1,496002;4
SMAJYB04_20220411_224102.wav;control;11/04/2022 22:41;4_control;9052,419359;37,80175987;0,9039045;1,579476;4
SMAJYB04_20220411_231102.wav;control;11/04/2022 23:11;4_control;9048,209576;37,48272727;0,905215776;1,468634;3
SMAJYB04_20220411_234102.wav;control;11/04/2022 23:41;4_control;8985,207839;35,95620887;0,902546877;1,501631;5
SMAJYB04_20220412_001102.wav;control;12/04/2022 00:11;4_control;9054,392869;36,60507145;0,900429114;1,398456;5
SMAJYB04_20220412_004102.wav;control;12/04/2022 00:41;4_control;8884,133176;35,75828179;0,899178224;1,346427;4
SMAJYB04_20220412_011102.wav;control;12/04/2022 01:11;4_control;8918,754836;36,5475361;0,898324548;1,394794;6
SMAJYB04_20220412_014102.wav;control;12/04/2022 01:41;4_control;8872,297263;35,66736598;0,898108024;1,401489;4
SMAJYB04_20220412_021102.wav;control;12/04/2022 02:11;4_control;8854,03923;34,67887761;0,896300841;1,747574;4
SMAJYB04_20220412_024102.wav;control;12/04/2022 02:41;4_control;8867,936167;35,20326257;0,897741685;1,474572;5
SMAJYB04_20220412_031102.wav;control;12/04/2022 03:11;4_control;9006,255917;37,78463782;0,895676655;1,190372;5
SMAJYB04_20220412_034102.wav;control;12/04/2022 03:41;4_control;9182,485287;38,25015951;0,893980666;1,142473;5
SMAJYB04_20220412_041102.wav;control;12/04/2022 04:11;4_control;9379,960057;39,95601089;0,898663875;1,255786;7
SMAJYB04_20220412_044102.wav;control;12/04/2022 04:41;4_control;9469,247913;42,34957107;0,897596777;1,194221;9
SMAJYB04_20220412_051102.wav;control;12/04/2022 05:11;4_control;9225,116615;40,69293944;0,895167844;1,270509;9
SMAJYB04_20220412_054102.wav;control;12/04/2022 05:41;4_control;8840,976753;36,15122308;0,894467631;1,906329;7
SMAJYB04_20220412_061102.wav;control;12/04/2022 06:11;4_control;8842,09654;34,11379415;0,899740977;2,079269;5
SMJYB01_20220408_122202.wav;test;08/04/2022 12:22;1_test;8819,19456;67,5526193;0,922198043;2,600454;0
SMJYB01_20220408_125202.wav;test;08/04/2022 12:52;1_test;8818,287372;67,44108182;0,922256658;2,622952;0
SMJYB01_20220408_132202.wav;test;08/04/2022 13:22;1_test;8816,544144;67,52346545;0,922248666;2,616542;0
SMJYB01_20220408_135202.wav;test;08/04/2022 13:52;1_test;8815,120946;67,46773763;0,922433233;2,604343;0
SMJYB01_20220408_142202.wav;test;08/04/2022 14:22;1_test;8816,312972;67,49935426;0,922152643;2,630047;0
SMJYB01_20220408_145202.wav;test;08/04/2022 14:52;1_test;8818,390777;67,60421048;0,922406736;2,628696;0
SMJYB01_20220408_152202.wav;test;08/04/2022 15:22;1_test;8815,967447;67,55838403;0,922300024;2,621433;0
SMJYB01_20220408_155202.wav;test;08/04/2022 15:52;1_test;8815,894076;67,69933506;0,922689556;2,619368;0
SMJYB01_20220408_162202.wav;test;08/04/2022 16:22;1_test;8814,126549;67,82485489;0,922853385;2,614452;0
SMJYB01_20220408_165202.wav;test;08/04/2022 16:52;1_test;8818,113769;67,88406077;0,922765201;2,638693;0
SMJYB01_20220408_172202.wav;test;08/04/2022 17:22;1_test;8818,165516;67,83565;0,922482438;2,615746;0
SMJYB01_20220408_175202.wav;test;08/04/2022 17:52;1_test;8817,398086;67,72375063;0,922254252;2,621045;0
SMJYB01_20220408_182202.wav;test;08/04/2022 18:22;1_test;8815,65958;67,76541677;0,921749015;2,628305;1
SMJYB01_20220408_185202.wav;test;08/04/2022 18:52;1_test;8815,170923;67,60718453;0,921403032;2,619393;1
SMJYB01_20220408_192202.wav;test;08/04/2022 19:22;1_test;8816,28907;67,59431172;0,921183918;2,609285;1
SMJYB01_20220408_195202.wav;test;08/04/2022 19:52;1_test;8819,32127;67,47265553;0,921054022;2,624334;1
SMJYB01_20220408_202202.wav;test;08/04/2022 20:22;1_test;8817,465738;67,50851813;0,921169305;2,632869;1
SMJYB01_20220408_205202.wav;test;08/04/2022 20:52;1_test;8814,047677;67,56746951;0,921269291;2,611857;1
SMJYB01_20220408_212202.wav;test;08/04/2022 21:22;1_test;8817,028604;67,5440193;0,92134826;2,610231;1
SMJYB01_20220408_215202.wav;test;08/04/2022 21:52;1_test;8818,672222;67,5324232;0,921349893;2,615245;1
SMJYB01_20220408_222202.wav;test;08/04/2022 22:22;1_test;8840,765368;67,9367088;0,922424139;2,612556;1
SMJYB01_20220408_225202.wav;test;08/04/2022 22:52;1_test;8823,035497;67,82456696;0,92177255;2,609298;1
SMJYB01_20220408_232202.wav;test;08/04/2022 23:22;1_test;8819,233501;67,80107692;0,921838374;2,588651;1
SMJYB01_20220408_235202.wav;test;08/04/2022 23:52;1_test;8818,641767;67,78598011;0,921696333;2,58331;1
SMJYB01_20220409_002202.wav;test;09/04/2022 00:22;1_test;8818,723498;67,69964525;0,921737677;2,612138;1
SMJYB01_20220409_005202.wav;test;09/04/2022 00:52;1_test;8817,461873;67,75486877;0,92205822;2,597313;1
SMJYB01_20220409_012202.wav;test;09/04/2022 01:22;1_test;8820,059572;67,77164728;0,922399741;2,58938;1
SMJYB01_20220409_015202.wav;test;09/04/2022 01:52;1_test;8820,846637;67,79701696;0,922793415;2,617668;1
SMJYB01_20220409_022202.wav;test;09/04/2022 02:22;1_test;8822,752062;67,69932932;0,922429757;2,605359;1
SMJYB01_20220409_025202.wav;test;09/04/2022 02:52;1_test;8820,263203;67,61808071;0,92262896;2,600693;1
SMJYB01_20220409_032202.wav;test;09/04/2022 03:22;1_test;8819,107392;67,72868244;0,921861751;2,617992;1
SMJYB01_20220409_035202.wav;test;09/04/2022 03:52;1_test;8818,810667;67,60816025;0,921589891;2,612865;1
SMJYB01_20220409_042202.wav;test;09/04/2022 04:22;1_test;8818,289417;67,59964767;0,921127088;2,62892;1
SMJYB01_20220409_045202.wav;test;09/04/2022 04:52;1_test;8818,404837;67,56770896;0,920998739;2,61117;1
SMJYB01_20220409_052202.wav;test;09/04/2022 05:22;1_test;8818,778577;67,60324128;0,921597498;2,638123;1
SMJYB01_20220409_055202.wav;test;09/04/2022 05:52;1_test;8920,869717;67,98117436;0,923058319;2,573704;0
SMJYB01_20220409_062202.wav;test;09/04/2022 06:22;1_test;8837,591216;67,92452953;0,922796152;2,630008;0
SMJYB01_20220409_065202.wav;test;09/04/2022 06:52;1_test;9226,044758;57,01813971;0,917771239;2,605886;2
SMJYB01_20220409_072202.wav;test;09/04/2022 07:22;1_test;9098,822648;62,70574966;0,924200112;2,570618;0
SMJYB01_20220409_075202.wav;test;09/04/2022 07:52;1_test;8926,564734;60,74424642;0,923723054;2,613719;0
SMJYB01_20220409_082202.wav;test;09/04/2022 08:22;1_test;8832,315166;67,99327659;0,922867346;2,604415;0
SMJYB01_20220409_085202.wav;test;09/04/2022 08:52;1_test;8820,637394;67,97607942;0,922780066;2,573766;0
SMJYB01_20220409_092202.wav;test;09/04/2022 09:22;1_test;8821,837299;67,90653902;0,922774381;2,616458;0
SMJYB01_20220409_095202.wav;test;09/04/2022 09:52;1_test;8816,346116;67,9053004;0,923119411;2,617479;0
SMJYB01_20220409_102202.wav;test;09/04/2022 10:22;1_test;8817,627264;67,71625843;0,922842527;2,619495;0
SMJYB01_20220409_105202.wav;test;09/04/2022 10:52;1_test;8817,045095;67,80145684;0,922992894;2,589007;0
SMJYB01_20220409_112202.wav;test;09/04/2022 11:22;1_test;8817,501033;67,86195168;0,92318452;2,624538;0
SMJYB01_20220409_115202.wav;test;09/04/2022 11:52;1_test;8817,161129;67,68902705;0,92284774;2,620871;0
SMJYB01_20220409_122202.wav;test;09/04/2022 12:22;1_test;8822,926507;67,30226792;0,921848354;2,592032;0
SMJYB01_20220409_125202.wav;test;09/04/2022 12:52;1_test;8821,501134;67,45692297;0,922513528;2,613256;0
SMJYB01_20220409_132202.wav;test;09/04/2022 13:22;1_test;8817,626073;67,47957369;0,922674962;2,616192;0
SMJYB01_20220409_135202.wav;test;09/04/2022 13:52;1_test;8818,697401;67,54621441;0,922551375;2,623711;0
SMJYB01_20220409_142202.wav;test;09/04/2022 14:22;1_test;8822,624114;67,32742545;0,921675823;2,638864;0
SMJYB01_20220409_145202.wav;test;09/04/2022 14:52;1_test;8813,472067;67,35833445;0,921834915;2,615856;0
SMJYB01_20220409_152202.wav;test;09/04/2022 15:22;1_test;8818,075239;67,49374973;0,922286696;2,609785;0
SMJYB01_20220409_155202.wav;test;09/04/2022 15:52;1_test;8818,351058;67,59123921;0,922422029;2,610438;0
SMJYB01_20220409_162202.wav;test;09/04/2022 16:22;1_test;8818,750765;67,44393059;0,92205455;2,619297;0
SMJYB01_20220409_165202.wav;test;09/04/2022 16:52;1_test;8818,06633;67,72245778;0,922680691;2,627686;0
SMJYB01_20220409_172202.wav;test;09/04/2022 17:22;1_test;8817,610046;67,68351605;0,922524626;2,606178;0
SMJYB01_20220409_175202.wav;test;09/04/2022 17:52;1_test;8820,055194;67,66676987;0,922323624;2,628035;0
SMJYB01_20220409_182202.wav;test;09/04/2022 18:22;1_test;8819,655629;67,86531018;0,922291057;2,625488;1
SMJYB01_20220409_185202.wav;test;09/04/2022 18:52;1_test;8815,62465;67,78303971;0,921947716;2,603111;1
SMJYB01_20220409_192202.wav;test;09/04/2022 19:22;1_test;8818,005818;67,68351673;0,9216933;2,63092;1
SMJYB01_20220409_195202.wav;test;09/04/2022 19:52;1_test;8816,33263;67,55063617;0,92134954;2,614825;1
SMJYB01_20220409_202202.wav;test;09/04/2022 20:22;1_test;8817,887285;67,57426495;0,92127815;2,607907;1
SMJYB01_20220409_205202.wav;test;09/04/2022 20:52;1_test;8816,956448;67,47707891;0,921106545;2,62323;1
SMJYB01_20220409_212202.wav;test;09/04/2022 21:22;1_test;8817,519783;67,52211693;0,92100518;2,61902;1
SMJYB01_20220409_215202.wav;test;09/04/2022 21:52;1_test;8820,189339;67,40876896;0,921028806;2,608409;1
SMJYB01_20220409_222202.wav;test;09/04/2022 22:22;1_test;8813,930599;67,4274767;0,920806514;2,615427;1
SMJYB01_20220409_225202.wav;test;09/04/2022 22:52;1_test;8818,908196;67,37674742;0,920626333;2,59198;1
SMJYB01_20220409_232202.wav;test;09/04/2022 23:22;1_test;8815,774307;67,48251397;0,920934506;2,58287;1
SMJYB01_20220409_235202.wav;test;09/04/2022 23:52;1_test;8822,323415;67,42614426;0,920774948;2,610243;1
SMJYB01_20220410_002202.wav;test;10/04/2022 00:22;1_test;8819,295231;67,42569727;0,920814092;2,614194;0
SMJYB01_20220410_005202.wav;test;10/04/2022 00:52;1_test;8818,555254;67,4840446;0,920916738;2,618011;0
SMJYB01_20220410_012202.wav;test;10/04/2022 01:22;1_test;8819,591478;67,35125423;0,920761522;2,615773;1
SMJYB01_20220410_015202.wav;test;10/04/2022 01:52;1_test;8820,368573;67,35943691;0,921022945;2,612515;1
SMJYB01_20220410_022202.wav;test;10/04/2022 02:22;1_test;8818,552656;67,35414358;0,921204264;2,633258;1
SMJYB01_20220410_025202.wav;test;10/04/2022 02:52;1_test;8812,502002;67,39361959;0,921215286;2,596886;1
SMJYB01_20220410_032202.wav;test;10/04/2022 03:22;1_test;8817,473582;67,40925259;0,921305648;2,625269;1
SMJYB01_20220410_035202.wav;test;10/04/2022 03:52;1_test;8817,553821;67,22781316;0,920699115;2,625463;1
SMJYB01_20220410_042202.wav;test;10/04/2022 04:22;1_test;8820,563597;67,16525629;0,920202884;2,628826;1
SMJYB01_20220410_045202.wav;test;10/04/2022 04:52;1_test;8819,029933;67,26385967;0,920324158;2,60808;1
SMJYB01_20220410_052202.wav;test;10/04/2022 05:22;1_test;8826,55883;67,25457675;0,921079406;2,600197;1
SMJYB01_20220410_055202.wav;test;10/04/2022 05:52;1_test;8817,246924;67,37520307;0,921248481;2,613893;0
SMJYB01_20220410_062202.wav;test;10/04/2022 06:22;1_test;8817,700073;67,36857559;0,921275596;2,613427;0
SMJYB01_20220410_065202.wav;test;10/04/2022 06:52;1_test;9932,274819;42,01544813;0,912846705;2,635112;13
SMJYB01_20220410_102802.wav;control;10/04/2022 10:28;1_control;9168,029967;66,4741993;0,948421208;2,569409;2
SMJYB01_20220410_105802.wav;control;10/04/2022 10:58;1_control;8935,797655;56,04768061;0,911196651;2,530692;1
SMJYB01_20220410_112802.wav;control;10/04/2022 11:28;1_control;9257,304332;48,73113976;0,903207974;2,665705;2
SMJYB01_20220410_115802.wav;control;10/04/2022 11:58;1_control;9112,80785;56,44954404;0,917113002;2,63016;1
SMJYB01_20220410_122802.wav;control;10/04/2022 12:28;1_control;8852,72668;55,2304192;0,910328913;2,550578;2
SMJYB01_20220410_125802.wav;control;10/04/2022 12:58;1_control;8837,363813;55,26367109;0,909832084;2,502855;2
SMJYB01_20220410_132802.wav;control;10/04/2022 13:28;1_control;8833,08544;55,34063544;0,909568771;2,575678;1
SMJYB01_20220410_135802.wav;control;10/04/2022 13:58;1_control;8834,519396;55,36907817;0,908828941;2,481073;1
SMJYB01_20220410_142802.wav;control;10/04/2022 14:28;1_control;8813,960417;54,26808993;0,908296947;2,546739;1
SMJYB01_20220410_145802.wav;control;10/04/2022 14:58;1_control;8816,612496;53,93290837;0,907865933;2,502071;0
SMJYB01_20220410_152802.wav;control;10/04/2022 15:28;1_control;8809,360643;53,24426427;0,907818749;2,483158;1
SMJYB01_20220410_155802.wav;control;10/04/2022 15:58;1_control;8809,498421;53,06085415;0,907209908;2,518344;2
SMJYB01_20220410_162802.wav;control;10/04/2022 16:28;1_control;8810,572061;52,39222534;0,907037626;2,556206;2
SMJYB01_20220410_165802.wav;control;10/04/2022 16:58;1_control;8807,322528;52,47970156;0,906922178;2,581305;2
SMJYB01_20220410_172802.wav;control;10/04/2022 17:28;1_control;8808,811072;52,79436938;0,906762943;2,503902;2
SMJYB01_20220410_175802.wav;control;10/04/2022 17:58;1_control;8812,040867;53,18954683;0,905609742;2,41497;2
SMJYB01_20220410_182802.wav;control;10/04/2022 18:28;1_control;8829,431486;54,29371617;0,906493855;2,353965;3
SMJYB01_20220410_185802.wav;control;10/04/2022 18:58;1_control;8814,016057;54,36615348;0,905367507;2,384839;3
SMJYB01_20220410_192802.wav;control;10/04/2022 19:28;1_control;8813,558542;54,44744053;0,905357351;2,450095;2
SMJYB01_20220410_195802.wav;control;10/04/2022 19:58;1_control;8813,519947;54,49907624;0,905591285;2,436876;3
SMJYB01_20220410_202802.wav;control;10/04/2022 20:28;1_control;8810,428069;54,57336504;0,905383398;2,47345;3
SMJYB01_20220410_205802.wav;control;10/04/2022 20:58;1_control;8812,441611;54,35409837;0,904932879;2,470386;3
SMJYB01_20220410_212802.wav;control;10/04/2022 21:28;1_control;8817,611142;54,31091882;0,905359279;2,488491;2
SMJYB01_20220410_215802.wav;control;10/04/2022 21:58;1_control;8822,739388;54,25578311;0,905605719;2,426037;3
SMJYB01_20220410_222802.wav;control;10/04/2022 22:28;1_control;8826,284141;54,18270366;0,905484154;2,448404;3
SMJYB01_20220410_225802.wav;control;10/04/2022 22:58;1_control;8818,902039;53,96209546;0,905198943;2,433781;2
SMJYB01_20220410_232802.wav;control;10/04/2022 23:28;1_control;8827,945876;54,10013385;0,90579572;2,398894;2
SMJYB01_20220410_235802.wav;control;10/04/2022 23:58;1_control;8826,024403;53,99753746;0,905619456;2,413733;3
SMJYB01_20220411_002802.wav;control;11/04/2022 00:28;1_control;8819,872076;53,81138157;0,905135316;2,394917;3
SMJYB01_20220411_005802.wav;control;11/04/2022 00:58;1_control;8828,00729;53,8182238;0,905141172;2,33866;2
SMJYB01_20220411_012802.wav;control;11/04/2022 01:28;1_control;8831,066432;53,81306763;0,905313209;2,43981;3
SMJYB01_20220411_015802.wav;control;11/04/2022 01:58;1_control;8824,612172;53,82361514;0,905528867;2,47822;2
SMJYB01_20220411_022802.wav;control;11/04/2022 02:28;1_control;8824,126875;53,77335979;0,905585246;2,471017;2
SMJYB01_20220411_025802.wav;control;11/04/2022 02:58;1_control;8850,762621;53,95686905;0,905364538;2,244618;5
SMJYB01_20220411_032802.wav;control;11/04/2022 03:28;1_control;8833,203738;54,10438985;0,905780369;2,153108;6
SMJYB01_20220411_035802.wav;control;11/04/2022 03:58;1_control;8841,000253;54,15320364;0,905823044;2,146757;5
SMJYB01_20220411_042802.wav;control;11/04/2022 04:28;1_control;8874,845532;53,91620356;0,907807218;2,228296;4
SMJYB01_20220411_045802.wav;control;11/04/2022 04:58;1_control;8859,940991;53,81470845;0,908122964;2,199094;4
SMJYB01_20220411_052802.wav;control;11/04/2022 05:28;1_control;8840,329515;53,24570753;0,905699881;2,482561;2
SMJYB01_20220411_055802.wav;control;11/04/2022 05:58;1_control;8813,143386;52,79018838;0,905355108;2,518068;2
SMJYB01_20220411_062802.wav;control;11/04/2022 06:28;1_control;8808,063079;51,75567061;0,905716798;2,590707;1
SMJYB01_20220411_065802.wav;control;11/04/2022 06:58;1_control;8808,755867;51,53673792;0,905836266;2,564525;2
SMJYB01_20220411_072802.wav;control;11/04/2022 07:28;1_control;8807,651645;51,23416675;0,905658628;2,62165;1
SMJYB01_20220411_075802.wav;control;11/04/2022 07:58;1_control;8806,353955;51,42049541;0,905535917;2,47926;1
SMJYB01_20220411_082802.wav;control;11/04/2022 08:28;1_control;8808,689657;51,51043948;0,905618472;2,541101;2
SMJYB01_20220411_085802.wav;control;11/04/2022 08:58;1_control;8806,50983;51,87744378;0,905674056;2,541072;1
SMJYB01_20220411_092802.wav;control;11/04/2022 09:28;1_control;8821,817125;52,57606347;0,905380001;2,43204;3
SMJYB01_20220411_095802.wav;control;11/04/2022 09:58;1_control;8814,128851;51,20646537;0,906228454;2,435768;2
SMJYB01_20220411_102802.wav;control;11/04/2022 10:28;1_control;8817,961053;51,27810229;0,906311668;2,477231;1
SMJYB01_20220411_105802.wav;control;11/04/2022 10:58;1_control;8813,678031;51,37312041;0,905806359;2,302852;0
SMJYB01_20220411_112802.wav;control;11/04/2022 11:28;1_control;8817,588529;50,84453801;0,90614886;2,433462;0
SMJYB01_20220411_115802.wav;control;11/04/2022 11:58;1_control;8817,807521;50,6820891;0,9060926;2,479749;1
SMJYB01_20220411_122802.wav;control;11/04/2022 12:28;1_control;8820,079127;50,77393821;0,906114164;2,444065;1
SMJYB01_20220411_125802.wav;control;11/04/2022 12:58;1_control;8838,337798;50,84535521;0,906939215;2,402472;2
SMJYB01_20220411_132802.wav;control;11/04/2022 13:28;1_control;8828,078397;51,14501386;0,904381324;2,320365;1
SMJYB01_20220411_135802.wav;control;11/04/2022 13:58;1_control;8817,380661;50,18179901;0,905447866;2,465175;1
SMJYB01_20220411_142802.wav;control;11/04/2022 14:28;1_control;8816,087267;49,77248949;0,90486162;2,377221;1
SMJYB01_20220411_145802.wav;control;11/04/2022 14:58;1_control;8925,132767;53,28372672;0,907308691;2,484402;1
SMJYB01_20220411_152802.wav;control;11/04/2022 15:28;1_control;8813,538331;50,02152495;0,905277995;2,486371;2
SMJYB01_20220411_155802.wav;control;11/04/2022 15:58;1_control;8809,429567;49,66852225;0,905334772;2,547521;1
SMJYB01_20220411_162802.wav;control;11/04/2022 16:28;1_control;9142,194887;59,49402725;0,915880975;2,561836;1
SMJYB01_20220411_165802.wav;control;11/04/2022 16:58;1_control;8873,457846;51,30140024;0,907640967;2,536636;2
SMJYB01_20220411_172802.wav;control;11/04/2022 17:28;1_control;8836,471625;50,84983167;0,90526514;2,407144;3
SMJYB01_20220411_175802.wav;control;11/04/2022 17:58;1_control;8814,28968;51,2004988;0,904556383;2,309267;4
SMJYB01_20220411_182802.wav;control;11/04/2022 18:28;1_control;8844,593508;52,36807353;0,905590516;2,319941;3
SMJYB01_20220411_185802.wav;control;11/04/2022 18:58;1_control;8838,217664;52,63651567;0,905789721;2,418125;3
SMJYB01_20220411_192802.wav;control;11/04/2022 19:28;1_control;8846,689177;52,76728416;0,906730825;2,303506;4
SMJYB01_20220411_195802.wav;control;11/04/2022 19:58;1_control;8862,702927;52,5555721;0,906830898;2,352242;4
SMJYB01_20220411_202802.wav;control;11/04/2022 20:28;1_control;8864,649956;52,49485747;0,906450812;2,356921;4
SMJYB01_20220411_205802.wav;control;11/04/2022 20:58;1_control;8844,192241;52,41480778;0,905591789;2,321507;3
SMJYB01_20220411_212802.wav;control;11/04/2022 21:28;1_control;8833,825174;52,18939625;0,905054976;2,372526;4
SMJYB01_20220411_215802.wav;control;11/04/2022 21:58;1_control;8833,496213;52,2038307;0,904976477;2,344066;4
SMJYB01_20220411_222802.wav;control;11/04/2022 22:28;1_control;8830,590896;51,99586293;0,904524639;2,443809;4
SMJYB01_20220411_225802.wav;control;11/04/2022 22:58;1_control;8832,644581;51,97223101;0,904345603;2,384063;3
SMJYB01_20220411_232802.wav;control;11/04/2022 23:28;1_control;8828,46466;51,97479544;0,904282701;2,343615;3
SMJYB01_20220411_235802.wav;control;11/04/2022 23:58;1_control;8820,188504;51,96795561;0,903920877;2,43097;3
SMJYB01_20220412_002802.wav;control;12/04/2022 00:28;1_control;8830,201425;52,25971445;0,904167987;2,18429;3
SMJYB01_20220412_005802.wav;control;12/04/2022 00:58;1_control;8825,92149;52,08571016;0,90440269;2,363232;3
SMJYB01_20220412_012802.wav;control;12/04/2022 01:28;1_control;8822,118222;52,10552863;0,904241564;2,42307;3
SMJYB01_20220412_015802.wav;control;12/04/2022 01:58;1_control;8818,399258;51,91944174;0,903737413;2,360784;3
SMJYB01_20220412_022802.wav;control;12/04/2022 02:28;1_control;8818,310591;52,00751605;0,903836818;2,406509;3
SMJYB01_20220412_025802.wav;control;12/04/2022 02:58;1_control;8836,672161;52,16511017;0,904716132;2,350645;3
SMJYB01_20220412_032802.wav;control;12/04/2022 03:28;1_control;8862,11695;52,14438841;0,905862799;2,291942;4
SMJYB01_20220412_035802.wav;control;12/04/2022 03:58;1_control;8868,119508;52,50378697;0,907064426;2,330955;4
SMJYB01_20220412_042802.wav;control;12/04/2022 04:28;1_control;8868,678335;52,59332101;0,90781899;2,305214;5
SMJYB01_20220412_045802.wav;control;12/04/2022 04:58;1_control;8860,317869;52,54848712;0,906770332;2,170114;4
SMJYB01_20220412_052802.wav;control;12/04/2022 05:28;1_control;8835,277572;51,49499239;0,903830083;2,453267;2
SMJYB01_20220412_055802.wav;control;12/04/2022 05:58;1_control;8809,196747;50,56889109;0,903622894;2,487473;2
SMJYB02_20220408_114402.wav;test;08/04/2022 11:44;2_test;8824,461335;56,8687262;0,905595083;2,470648;0
SMJYB02_20220408_121402.wav;test;08/04/2022 12:14;2_test;8821,659803;56,83706741;0,905180855;2,386359;0
SMJYB02_20220408_124402.wav;test;08/04/2022 12:44;2_test;8812,882496;56,37514022;0,905071965;2,480719;0
SMJYB02_20220408_131402.wav;test;08/04/2022 13:14;2_test;8813,785565;56,58773843;0,904751191;2,508031;0
SMJYB02_20220408_134402.wav;test;08/04/2022 13:44;2_test;8820,569323;56,85131311;0,90510432;2,431369;0
SMJYB02_20220408_141402.wav;test;08/04/2022 14:14;2_test;8818,425646;56,79056441;0,905511667;2,502425;0
SMJYB02_20220408_144402.wav;test;08/04/2022 14:44;2_test;8815,545818;56,64140409;0,905230744;2,45442;0
SMJYB02_20220408_151402.wav;test;08/04/2022 15:14;2_test;8819,600233;57,2113165;0,906182283;2,412011;1
SMJYB02_20220408_154402.wav;test;08/04/2022 15:44;2_test;8818,916259;57,11268419;0,905658399;2,42027;1
SMJYB02_20220408_161402.wav;test;08/04/2022 16:14;2_test;8816,973347;57,27412753;0,906124249;2,470281;1
SMJYB02_20220408_164402.wav;test;08/04/2022 16:44;2_test;8819,583369;57,03858721;0,905599962;2,495845;1
SMJYB02_20220408_171402.wav;test;08/04/2022 17:14;2_test;8819,894473;57,27768374;0,905669892;2,370833;1
SMJYB02_20220408_174402.wav;test;08/04/2022 17:44;2_test;8819,877591;57,28585863;0,905781706;2,491953;1
SMJYB02_20220408_181402.wav;test;08/04/2022 18:14;2_test;8822,909894;57,16653913;0,905288433;2,453353;1
SMJYB02_20220408_184402.wav;test;08/04/2022 18:44;2_test;8823,626939;57,07052014;0,905046047;2,445475;1
SMJYB02_20220408_191402.wav;test;08/04/2022 19:14;2_test;8820,743124;57,00017959;0,904808485;2,473648;1
SMJYB02_20220408_194402.wav;test;08/04/2022 19:44;2_test;8818,962078;56,95132812;0,904799736;2,468805;1
SMJYB02_20220408_201402.wav;test;08/04/2022 20:14;2_test;8816,629618;57,01274437;0,904782321;2,561736;1
SMJYB02_20220408_204402.wav;test;08/04/2022 20:44;2_test;8818,937508;57,04861215;0,904816249;2,524786;1
SMJYB02_20220408_211402.wav;test;08/04/2022 21:14;2_test;8813,695764;57,07545304;0,904939668;2,44502;1
SMJYB02_20220408_214402.wav;test;08/04/2022 21:44;2_test;8812,78159;56,98512354;0,905090883;2,564683;1
SMJYB02_20220408_221402.wav;test;08/04/2022 22:14;2_test;9396,353585;45,09865312;0,906638514;2,531284;2
SMJYB02_20220408_224402.wav;test;08/04/2022 22:44;2_test;8917,560057;58,11663543;0,907908901;2,479284;1
SMJYB02_20220408_231402.wav;test;08/04/2022 23:14;2_test;8823,647033;57,37793882;0,905823671;2,494092;1
SMJYB02_20220408_234402.wav;test;08/04/2022 23:44;2_test;8816,689335;57,1225149;0,904927675;2,571155;1
SMJYB02_20220409_001402.wav;test;09/04/2022 00:14;2_test;8820,67963;57,11333885;0,904838546;2,471988;1
SMJYB02_20220409_004402.wav;test;09/04/2022 00:44;2_test;8814,092922;57,19190969;0,905120488;2,570729;1
SMJYB02_20220409_011402.wav;test;09/04/2022 01:14;2_test;8816,361662;57,28217279;0,905384206;2,520832;1
SMJYB02_20220409_014402.wav;test;09/04/2022 01:44;2_test;8817,464103;57,13431226;0,90502198;2,555396;1
SMJYB02_20220409_021402.wav;test;09/04/2022 02:14;2_test;8818,893761;57,06758442;0,905013573;2,510043;1
SMJYB02_20220409_024402.wav;test;09/04/2022 02:44;2_test;8820,411782;56,91801183;0,904652686;2,545929;1
SMJYB02_20220409_031402.wav;test;09/04/2022 03:14;2_test;8819,561887;56,74171881;0,904500365;2,503773;1
SMJYB02_20220409_034402.wav;test;09/04/2022 03:44;2_test;8827,022219;56,65400936;0,904669423;2,479988;1
SMJYB02_20220409_041402.wav;test;09/04/2022 04:14;2_test;8829,873072;56,54464406;0,904869571;2,478361;1
SMJYB02_20220409_044402.wav;test;09/04/2022 04:44;2_test;8827,470627;56,5272452;0,904642868;2,473597;1
SMJYB02_20220409_051402.wav;test;09/04/2022 05:14;2_test;8818,739019;56,9706118;0,904616891;2,506716;1
SMJYB02_20220409_054402.wav;test;09/04/2022 05:44;2_test;8881,198131;58,00475847;0,911609099;2,526354;0
SMJYB02_20220409_061402.wav;test;09/04/2022 06:14;2_test;8994,721562;58,1306382;0,909351093;2,474774;0
SMJYB02_20220409_064402.wav;test;09/04/2022 06:44;2_test;9844,820614;46,39540677;0,907487806;2,66219;1
SMJYB02_20220409_071402.wav;test;09/04/2022 07:14;2_test;9751,12132;40,5651173;0,903929677;2,511264;1
SMJYB02_20220409_074402.wav;test;09/04/2022 07:44;2_test;9641,745487;47,46557872;0,91313398;2,540638;1
SMJYB02_20220409_081402.wav;test;09/04/2022 08:14;2_test;8932,743552;57,98386941;0,909873291;2,458084;0
SMJYB02_20220409_084402.wav;test;09/04/2022 08:44;2_test;8832,68095;57,47372069;0,906501311;2,461831;0
SMJYB02_20220409_091402.wav;test;09/04/2022 09:14;2_test;8820,904384;57,20143452;0,906445923;2,456387;0
SMJYB02_20220409_094402.wav;test;09/04/2022 09:44;2_test;8824,622293;57,46683268;0,906676914;2,388393;0
SMJYB02_20220409_101402.wav;test;09/04/2022 10:14;2_test;8818,056152;57,13603427;0,906477544;2,508211;0
SMJYB02_20220409_104402.wav;test;09/04/2022 10:44;2_test;8817,711731;57,03009553;0,906225541;2,451073;0
SMJYB02_20220409_111402.wav;test;09/04/2022 11:14;2_test;8816,411529;57,06270477;0,906277058;2,412676;0
SMJYB02_20220409_114402.wav;test;09/04/2022 11:44;2_test;8818,730925;56,8968313;0,90618777;2,466034;0
SMJYB02_20220409_121402.wav;test;09/04/2022 12:14;2_test;8814,923722;56,8391412;0,906124238;2,423961;0
SMJYB02_20220409_124402.wav;test;09/04/2022 12:44;2_test;8822,727402;56,57721712;0,905169387;2,529668;0
SMJYB02_20220409_131402.wav;test;09/04/2022 13:14;2_test;8817,798629;56,61675555;0,905166634;2,375987;0
SMJYB02_20220409_134402.wav;test;09/04/2022 13:44;2_test;8822,057473;56,93756156;0,905682403;2,431599;0
SMJYB02_20220409_141402.wav;test;09/04/2022 14:14;2_test;8822,842426;56,73902242;0,905116462;2,439351;0
SMJYB02_20220409_144402.wav;test;09/04/2022 14:44;2_test;8818,299534;56,62546201;0,904837652;2,439821;0
SMJYB02_20220409_151402.wav;test;09/04/2022 15:14;2_test;8822,243607;56,54314758;0,905069092;2,45118;0
SMJYB02_20220409_154402.wav;test;09/04/2022 15:44;2_test;8826,52387;57,11248553;0,906113021;2,480081;0
SMJYB02_20220409_161402.wav;test;09/04/2022 16:14;2_test;8828,341925;57,17373571;0,90591559;2,44269;1
SMJYB02_20220409_164402.wav;test;09/04/2022 16:44;2_test;8823,3289;57,28829013;0,905772684;2,420749;1
SMJYB02_20220409_171402.wav;test;09/04/2022 17:14;2_test;8822,050113;57,27196929;0,905482822;2,451367;1
SMJYB02_20220409_174402.wav;test;09/04/2022 17:44;2_test;8821,069505;57,4533581;0,905856332;2,46026;1
SMJYB02_20220409_181402.wav;test;09/04/2022 18:14;2_test;8822,203546;57,15022672;0,90538458;2,484909;1
SMJYB02_20220409_184402.wav;test;09/04/2022 18:44;2_test;8826,455626;57,04646284;0,905203254;2,419067;1
SMJYB02_20220409_191402.wav;test;09/04/2022 19:14;2_test;8829,209717;57,11557104;0,905123411;2,321459;2
SMJYB02_20220409_194402.wav;test;09/04/2022 19:44;2_test;8825,130882;57,05882392;0,904811898;2,375478;2
SMJYB02_20220409_201402.wav;test;09/04/2022 20:14;2_test;8823,222657;56,91886942;0,904702824;2,512492;1
SMJYB02_20220409_204402.wav;test;09/04/2022 20:44;2_test;8817,060032;56,87192624;0,90430179;2,510658;1
SMJYB02_20220409_211402.wav;test;09/04/2022 21:14;2_test;8815,228527;56,80817635;0,904123541;2,518849;1
SMJYB02_20220409_214402.wav;test;09/04/2022 21:44;2_test;8819,86911;56,81720303;0,904545557;2,527216;1
SMJYB02_20220409_221402.wav;test;09/04/2022 22:14;2_test;8815,380814;56,76782159;0,904007129;2,487132;1
SMJYB02_20220409_224402.wav;test;09/04/2022 22:44;2_test;8818,576016;56,74741128;0,904210605;2,520708;1
SMJYB02_20220409_231402.wav;test;09/04/2022 23:14;2_test;8815,882241;56,75529207;0,904085251;2,564632;1
SMJYB02_20220409_234402.wav;test;09/04/2022 23:44;2_test;8813,77922;56,77818784;0,904058569;2,567237;1
SMJYB02_20220410_001402.wav;test;10/04/2022 00:14;2_test;8812,664218;56,64998199;0,903857032;2,526511;1
SMJYB02_20220410_004402.wav;test;10/04/2022 00:44;2_test;8812,690149;56,61694565;0,903724139;2,487399;1
SMJYB02_20220410_011402.wav;test;10/04/2022 01:14;2_test;8814,488852;56,55258946;0,903493073;2,533436;1
SMJYB02_20220410_014402.wav;test;10/04/2022 01:44;2_test;8813,639218;56,63459617;0,9036336;2,505738;1
SMJYB02_20220410_021402.wav;test;10/04/2022 02:14;2_test;8816,449178;56,65111969;0,90380461;2,501889;1
SMJYB02_20220410_024402.wav;test;10/04/2022 02:44;2_test;8818,853428;56,66978043;0,903888192;2,532301;1
SMJYB02_20220410_031402.wav;test;10/04/2022 03:14;2_test;8822,364092;56,59567991;0,904138524;2,492676;1
SMJYB02_20220410_034402.wav;test;10/04/2022 03:44;2_test;8824,557783;56,35692688;0,904190762;2,461223;1
SMJYB02_20220410_041402.wav;test;10/04/2022 04:14;2_test;8831,467159;56,32163765;0,904481911;2,444194;1
SMJYB02_20220410_044402.wav;test;10/04/2022 04:44;2_test;8826,707827;56,27731051;0,904182089;2,473678;2
SMJYB02_20220410_051402.wav;test;10/04/2022 05:14;2_test;8823,373019;56,67109759;0,904314312;2,497724;1
SMJYB02_20220410_054402.wav;test;10/04/2022 05:44;2_test;8816,434125;56,61482954;0,904871763;2,479136;0
SMJYB02_20220410_061402.wav;test;10/04/2022 06:14;2_test;8815,664858;56,69765033;0,904787368;2,450063;0
SMJYB02_20220410_064402.wav;test;10/04/2022 06:44;2_test;8897,49675;56,55842534;0,905039049;2,564877;0
SMJYB02_20220410_100902.wav;control;10/04/2022 10:09;2_control;9094,520503;62,50740414;0,923064322;2,705719;1
SMJYB02_20220410_103902.wav;control;10/04/2022 10:39;2_control;8921,096949;53,61793811;0,909074334;2,521248;2
SMJYB02_20220410_110902.wav;control;10/04/2022 11:09;2_control;8860,382342;51,84146074;0,907910299;2,445007;1
SMJYB02_20220410_113902.wav;control;10/04/2022 11:39;2_control;9060,272955;62,76062554;0,921704;2,591374;0
SMJYB02_20220410_120902.wav;control;10/04/2022 12:09;2_control;8854,329423;51,84173552;0,90802919;2,43137;1
SMJYB02_20220410_123902.wav;control;10/04/2022 12:39;2_control;8816,790748;50,87447468;0,905724604;2,510024;2
SMJYB02_20220410_130902.wav;control;10/04/2022 13:09;2_control;8812,908977;50,8151105;0,90543583;2,545012;1
SMJYB02_20220410_133902.wav;control;10/04/2022 13:39;2_control;8825,801047;51,50237848;0,906643229;2,535888;2
SMJYB02_20220410_140902.wav;control;10/04/2022 14:09;2_control;8841,74721;51,50140938;0,906783709;2,483747;2
SMJYB02_20220410_143902.wav;control;10/04/2022 14:39;2_control;8828,386969;51,08717195;0,90643389;2,474986;2
SMJYB02_20220410_150902.wav;control;10/04/2022 15:09;2_control;8815,091403;49,83624321;0,905168151;2,469718;2
SMJYB02_20220410_153902.wav;control;10/04/2022 15:39;2_control;8809,396833;49,50216515;0,905160448;2,532145;2
SMJYB02_20220410_160902.wav;control;10/04/2022 16:09;2_control;8841,477073;50,30372131;0,904871016;2,369702;3
SMJYB02_20220410_163902.wav;control;10/04/2022 16:39;2_control;8840,983085;50,17119106;0,904544671;2,386071;4
SMJYB02_20220410_170902.wav;control;10/04/2022 17:09;2_control;8848,561716;50,11526927;0,903933023;2,34391;4
SMJYB02_20220410_173902.wav;control;10/04/2022 17:39;2_control;8838,756953;50,34114712;0,903648044;2,211559;4
SMJYB02_20220410_180902.wav;control;10/04/2022 18:09;2_control;8919,486916;51,94254534;0,905141589;2,128194;4
SMJYB02_20220410_183902.wav;control;10/04/2022 18:39;2_control;8897,261128;51,96774131;0,905631134;2,005889;3
SMJYB02_20220410_190902.wav;control;10/04/2022 19:09;2_control;8881,719999;51,36351425;0,906103783;2,180909;3
SMJYB02_20220410_193902.wav;control;10/04/2022 19:39;2_control;8875,33162;51,4059789;0,906182784;2,202859;2
SMJYB02_20220410_200902.wav;control;10/04/2022 20:09;2_control;8878,582568;51,67593013;0,905552208;2,105484;5
SMJYB02_20220410_203902.wav;control;10/04/2022 20:39;2_control;8896,996228;51,44623873;0,903510212;2,006171;4
SMJYB02_20220410_210902.wav;control;10/04/2022 21:09;2_control;8903,763885;51,69289132;0,90657524;2,139303;4
SMJYB02_20220410_213902.wav;control;10/04/2022 21:39;2_control;8907,441877;51,53759184;0,906643143;2,206025;4
SMJYB02_20220410_220902.wav;control;10/04/2022 22:09;2_control;8879,130316;51,37547001;0,906751133;2,189043;4
SMJYB02_20220410_223902.wav;control;10/04/2022 22:39;2_control;8892,824749;51,42694637;0,906758424;2,209629;4
SMJYB02_20220410_230902.wav;control;10/04/2022 23:09;2_control;8886,08179;51,44329142;0,90432955;2,112357;4
SMJYB02_20220410_233902.wav;control;10/04/2022 23:39;2_control;8900,380821;51,16359054;0,903724254;2,043864;3
SMJYB02_20220411_000902.wav;control;11/04/2022 00:09;2_control;8884,663852;51,29380937;0,905691484;2,123553;3
SMJYB02_20220411_003902.wav;control;11/04/2022 00:39;2_control;8878,383165;51,10969011;0,904786762;2,118358;3
SMJYB02_20220411_010902.wav;control;11/04/2022 01:09;2_control;8894,133552;51,20084962;0,903907719;2,091497;5
SMJYB02_20220411_013902.wav;control;11/04/2022 01:39;2_control;8903,928279;51,2474625;0,903456334;2,107773;5
SMJYB02_20220411_020902.wav;control;11/04/2022 02:09;2_control;8928,922211;51,4360118;0,902323324;2,071887;4
SMJYB02_20220411_023902.wav;control;11/04/2022 02:39;2_control;8892,823834;51,35572375;0,90275793;2,053804;4
SMJYB02_20220411_030902.wav;control;11/04/2022 03:09;2_control;8906,851537;51,22095418;0,905899584;2,086749;5
SMJYB02_20220411_033902.wav;control;11/04/2022 03:39;2_control;8927,796045;51,42413456;0,907583447;2,103822;4
SMJYB02_20220411_040902.wav;control;11/04/2022 04:09;2_control;8900,237422;51,73787303;0,908570096;2,096828;3
SMJYB02_20220411_043902.wav;control;11/04/2022 04:39;2_control;8879,976364;51,48406979;0,910317547;2,087433;3
SMJYB02_20220411_050902.wav;control;11/04/2022 05:09;2_control;8900,260542;51,59166292;0,909230374;2,101019;5
SMJYB02_20220411_053902.wav;control;11/04/2022 05:39;2_control;8876,165739;49,70505532;0,903919186;2,343614;5
SMJYB02_20220411_060902.wav;control;11/04/2022 06:09;2_control;8810,683338;48,73656761;0,903180075;2,485414;1
SMJYB02_20220411_063902.wav;control;11/04/2022 06:39;2_control;8809,913083;48,2042502;0,90295939;2,479745;2
SMJYB02_20220411_070902.wav;control;11/04/2022 07:09;2_control;8809,593117;48,50970542;0,902867371;2,390567;1
SMJYB02_20220411_073902.wav;control;11/04/2022 07:39;2_control;8810,343828;48,49642138;0,902909086;2,414115;1
SMJYB02_20220411_080902.wav;control;11/04/2022 08:09;2_control;8812,291995;48,67742201;0,902416021;2,359622;2
SMJYB02_20220411_083902.wav;control;11/04/2022 08:39;2_control;8813,409862;48,85781101;0,903570415;2,377043;2
SMJYB02_20220411_090902.wav;control;11/04/2022 09:09;2_control;8818,575594;48,95606351;0,903845093;2,40363;1
SMJYB02_20220411_093902.wav;control;11/04/2022 09:39;2_control;8816,736292;48,70375896;0,903854246;2,53821;2
SMJYB02_20220411_100902.wav;control;11/04/2022 10:09;2_control;8827,460713;49,66287001;0,902038696;2,283059;2
SMJYB02_20220411_103902.wav;control;11/04/2022 10:39;2_control;8987,862527;48,19490231;0,927357135;2,217284;5
SMJYB02_20220411_110902.wav;control;11/04/2022 11:09;2_control;8888,294307;48,84083722;0,903111922;2,031425;3
SMJYB02_20220411_113902.wav;control;11/04/2022 11:39;2_control;8836,968967;47,92059687;0,904507007;2,375627;1
SMJYB02_20220411_120902.wav;control;11/04/2022 12:09;2_control;8841,127285;48,20025559;0,904637517;2,402473;0
SMJYB02_20220411_123902.wav;control;11/04/2022 12:39;2_control;8846,852121;48,54358249;0,904599345;2,282005;1
SMJYB02_20220411_130902.wav;control;11/04/2022 13:09;2_control;8824,778328;47,56095618;0,903280443;2,36923;1
SMJYB02_20220411_133902.wav;control;11/04/2022 13:39;2_control;8825,664892;46,49813791;0,903521638;2,512294;0
SMJYB02_20220411_140902.wav;control;11/04/2022 14:09;2_control;9479,36188;20,56080664;0,833480218;2,365025;0
SMJYB02_20220411_143902.wav;control;11/04/2022 14:39;2_control;8834,868819;47,18785716;0,901791264;2,30728;2
SMJYB02_20220411_150902.wav;control;11/04/2022 15:09;2_control;8861,368019;47,81525449;0,905281348;2,513897;2
SMJYB02_20220411_153902.wav;control;11/04/2022 15:39;2_control;8819,075918;46,37547403;0,903742627;2,491365;2
SMJYB02_20220411_160902.wav;control;11/04/2022 16:09;2_control;8819,96501;46,81891162;0,903895167;2,416276;1
SMJYB02_20220411_163902.wav;control;11/04/2022 16:39;2_control;8985,362885;51,73979521;0,908346586;2,350155;2
SMJYB02_20220411_170902.wav;control;11/04/2022 17:09;2_control;8857,677151;48,15515883;0,903528841;2,327245;1
SMJYB02_20220411_173902.wav;control;11/04/2022 17:39;2_control;8884,348043;48,57681269;0,903053919;2,202175;2
SMJYB02_20220411_180902.wav;control;11/04/2022 18:09;2_control;8927,024393;50,53845065;0,904701844;2,109016;3
SMJYB02_20220411_183902.wav;control;11/04/2022 18:39;2_control;8904,976749;50,76972255;0,908559907;2,122315;5
SMJYB02_20220411_190902.wav;control;11/04/2022 19:09;2_control;8886,483195;50,73098987;0,907893577;2,110513;4
SMJYB02_20220411_193902.wav;control;11/04/2022 19:39;2_control;8879,111008;50,39568188;0,906998595;2,127943;4
SMJYB02_20220411_200902.wav;control;11/04/2022 20:09;2_control;8881,888207;50,26346633;0,906919644;2,181024;6
SMJYB02_20220411_203902.wav;control;11/04/2022 20:39;2_control;8885,850097;50,22102387;0,904506405;2,119461;5
SMJYB02_20220411_210902.wav;control;11/04/2022 21:09;2_control;8892,083758;49,81831868;0,904762052;2,128613;5
SMJYB02_20220411_213902.wav;control;11/04/2022 21:39;2_control;8876,512724;49,71423979;0,904679709;2,095029;4
SMJYB02_20220411_220902.wav;control;11/04/2022 22:09;2_control;8880,489932;49,82592291;0,903931458;2,101621;4
SMJYB02_20220411_223902.wav;control;11/04/2022 22:39;2_control;8895,948368;49,5732218;0,904575991;2,137856;3
SMJYB02_20220411_230902.wav;control;11/04/2022 23:09;2_control;8855,563197;49,15973551;0,902644459;2,175934;5
SMJYB02_20220411_233902.wav;control;11/04/2022 23:39;2_control;8875,24589;49,53995705;0,905120586;2,123338;5
SMJYB02_20220412_000902.wav;control;12/04/2022 00:09;2_control;8869,724253;49,40735821;0,902816034;2,12572;4
SMJYB02_20220412_003902.wav;control;12/04/2022 00:39;2_control;8863,195783;49,60494099;0,903961121;2,156083;4
SMJYB02_20220412_010902.wav;control;12/04/2022 01:09;2_control;8872,90329;49,46367052;0,904792111;2,171589;5
SMJYB02_20220412_013902.wav;control;12/04/2022 01:39;2_control;8860,163987;49,28668387;0,904185806;2,170843;6
SMJYB02_20220412_020902.wav;control;12/04/2022 02:09;2_control;8867,097143;49,308327;0,902606928;2,081118;5
SMJYB02_20220412_023902.wav;control;12/04/2022 02:39;2_control;8894,921981;49,2291991;0,904101114;2,120526;4
SMJYB02_20220412_030902.wav;control;12/04/2022 03:09;2_control;8935,140728;49,89195993;0,903173683;2,049283;4
SMJYB02_20220412_033902.wav;control;12/04/2022 03:39;2_control;9068,600302;51,04253957;0,903210984;1,98092;4
SMJYB02_20220412_040902.wav;control;12/04/2022 04:09;2_control;8994,203173;51,22443441;0,908682973;1,912362;3
SMJYB02_20220412_043902.wav;control;12/04/2022 04:39;2_control;9067,478505;52,08744671;0,909467006;2,002781;4
SMJYB02_20220412_050902.wav;control;12/04/2022 05:09;2_control;9045,852583;51,62286644;0,904758486;1,930984;6
SMJYB02_20220412_053902.wav;control;12/04/2022 05:39;2_control;8829,905012;48,52404607;0,901169015;2,347614;3
SMJYB02_20220412_060902.wav;control;12/04/2022 06:09;2_control;8810,036995;46,65846112;0,901979364;2,458209;2
SMJYB03_20220408_112902.wav;test;08/04/2022 11:29;3_test;8832,005703;62,23021692;0,906719849;2,396881;0
SMJYB03_20220408_115902.wav;test;08/04/2022 11:59;3_test;8828,387824;62,06028787;0,906656353;2,512696;0
SMJYB03_20220408_122902.wav;test;08/04/2022 12:29;3_test;8829,791398;62,05364976;0,906357676;2,514137;0
SMJYB03_20220408_125902.wav;test;08/04/2022 12:59;3_test;8830,040044;62,23268364;0,906985674;2,515268;0
SMJYB03_20220408_132902.wav;test;08/04/2022 13:29;3_test;8828,162904;62,13978894;0,906620297;2,516137;0
SMJYB03_20220408_135902.wav;test;08/04/2022 13:59;3_test;8834,665487;62,1904805;0,906554853;2,513215;0
SMJYB03_20220408_142902.wav;test;08/04/2022 14:29;3_test;8833,026623;62,2884886;0,906822904;2,525444;0
SMJYB03_20220408_145902.wav;test;08/04/2022 14:59;3_test;8832,702619;62,51927017;0,907267521;2,527281;0
SMJYB03_20220408_152902.wav;test;08/04/2022 15:29;3_test;8833,226771;62,58908544;0,907192124;2,516669;0
SMJYB03_20220408_155902.wav;test;08/04/2022 15:59;3_test;8831,165487;62,71179946;0,907258144;2,523457;0
SMJYB03_20220408_162902.wav;test;08/04/2022 16:29;3_test;8836,822187;62,84014567;0,907605;2,517603;1
SMJYB03_20220408_165902.wav;test;08/04/2022 16:59;3_test;8830,970673;62,64090158;0,907410884;2,526596;0
SMJYB03_20220408_172902.wav;test;08/04/2022 17:29;3_test;8828,159177;62,78521589;0,90746615;2,522689;1
SMJYB03_20220408_175902.wav;test;08/04/2022 17:59;3_test;8829,382987;62,73002093;0,906895451;2,52078;1
SMJYB03_20220408_182902.wav;test;08/04/2022 18:29;3_test;8831,587369;62,77748771;0,907419852;2,520819;1
SMJYB03_20220408_185902.wav;test;08/04/2022 18:59;3_test;8830,655467;62,72488675;0,907038701;2,529278;1
SMJYB03_20220408_192902.wav;test;08/04/2022 19:29;3_test;8829,327802;62,68978526;0,906953916;2,521225;1
SMJYB03_20220408_195902.wav;test;08/04/2022 19:59;3_test;8828,430224;62,60348404;0,906597931;2,516016;1
SMJYB03_20220408_202902.wav;test;08/04/2022 20:29;3_test;8833,92718;62,5628626;0,906371895;2,522428;1
SMJYB03_20220408_205902.wav;test;08/04/2022 20:59;3_test;8832,124446;62,65835664;0,906706463;2,521982;1
SMJYB03_20220408_212902.wav;test;08/04/2022 21:29;3_test;8827,830959;62,61833027;0,906828753;2,5205;1
SMJYB03_20220408_215902.wav;test;08/04/2022 21:59;3_test;8888,526251;62,72638528;0,90702188;2,526213;1
SMJYB03_20220408_222902.wav;test;08/04/2022 22:29;3_test;8867,781103;63,01077041;0,907512262;2,536415;1
SMJYB03_20220408_225902.wav;test;08/04/2022 22:59;3_test;8833,064568;62,78112848;0,907121978;2,528916;1
SMJYB03_20220408_232902.wav;test;08/04/2022 23:29;3_test;8832,367695;62,83133717;0,907132181;2,520459;1
SMJYB03_20220408_235902.wav;test;08/04/2022 23:59;3_test;8827,668474;62,65781067;0,906897097;2,522622;1
SMJYB03_20220409_002902.wav;test;09/04/2022 00:29;3_test;8828,752303;62,68137151;0,906550652;2,519465;1
SMJYB03_20220409_005902.wav;test;09/04/2022 00:59;3_test;8827,91205;62,73864107;0,906708596;2,527867;1
SMJYB03_20220409_012902.wav;test;09/04/2022 01:29;3_test;8826,560363;62,74793076;0,906987941;2,52613;1
SMJYB03_20220409_015902.wav;test;09/04/2022 01:59;3_test;8829,393118;62,6808181;0,906578623;2,52618;1
SMJYB03_20220409_022902.wav;test;09/04/2022 02:29;3_test;8827,010057;62,52569538;0,906348188;2,519193;1
SMJYB03_20220409_025902.wav;test;09/04/2022 02:59;3_test;8829,030202;62,57346105;0,906274533;2,517582;1
SMJYB03_20220409_032902.wav;test;09/04/2022 03:29;3_test;8830,521872;62,50388384;0,906196498;2,501199;1
SMJYB03_20220409_035902.wav;test;09/04/2022 03:59;3_test;8833,44762;62,3602526;0,906381876;2,51276;1
SMJYB03_20220409_042902.wav;test;09/04/2022 04:29;3_test;8833,644718;62,36609928;0,906389996;2,515341;1
SMJYB03_20220409_045902.wav;test;09/04/2022 04:59;3_test;8837,062252;62,4528226;0,906511308;2,481958;1
SMJYB03_20220409_052902.wav;test;09/04/2022 05:29;3_test;8832,996855;62,65159617;0,906835543;2,483142;1
SMJYB03_20220409_055902.wav;test;09/04/2022 05:59;3_test;8841,944532;62,84048037;0,907681867;2,521054;0
SMJYB03_20220409_062902.wav;test;09/04/2022 06:29;3_test;8830,606191;62,65714339;0,907115877;2,514574;0
SMJYB03_20220409_065902.wav;test;09/04/2022 06:59;3_test;9123,353912;60,91925882;0,908872468;2,561977;0
SMJYB03_20220409_072902.wav;test;09/04/2022 07:29;3_test;9151,161194;63,76610595;0,913133838;2,558252;0
SMJYB03_20220409_075902.wav;test;09/04/2022 07:59;3_test;8955,313861;62,57604394;0,90817768;2,536173;0
SMJYB03_20220409_082902.wav;test;09/04/2022 08:29;3_test;8849,119647;62,72296464;0,907845784;2,52269;0
SMJYB03_20220409_085902.wav;test;09/04/2022 08:59;3_test;8835,983973;62,76898138;0,907532329;2,449406;0
SMJYB03_20220409_092902.wav;test;09/04/2022 09:29;3_test;8832,804402;62,53230899;0,907101778;2,528303;0
SMJYB03_20220409_095902.wav;test;09/04/2022 09:59;3_test;8832,213053;62,48749877;0,907182485;2,515653;0
SMJYB03_20220409_102902.wav;test;09/04/2022 10:29;3_test;8828,059787;62,63204254;0,907486657;2,518571;0
SMJYB03_20220409_105902.wav;test;09/04/2022 10:59;3_test;8832,341516;62,80792224;0,907679984;2,471254;0
SMJYB03_20220409_112902.wav;test;09/04/2022 11:29;3_test;8827,325963;62,64329456;0,907517808;2,522509;0
SMJYB03_20220409_115902.wav;test;09/04/2022 11:59;3_test;8827,361051;62,68779847;0,907651428;2,524597;0
SMJYB03_20220409_122902.wav;test;09/04/2022 12:29;3_test;8831,048357;62,37305379;0,907067761;2,444448;0
SMJYB03_20220409_125902.wav;test;09/04/2022 12:59;3_test;8834,526632;62,37804891;0,90715275;2,526888;0
SMJYB03_20220409_132902.wav;test;09/04/2022 13:29;3_test;8827,360287;62,43950852;0,906984132;2,51114;0
SMJYB03_20220409_135902.wav;test;09/04/2022 13:59;3_test;8827,693405;62,46539738;0,907220282;2,522712;0
SMJYB03_20220409_142902.wav;test;09/04/2022 14:29;3_test;8825,795067;62,52516579;0,907253791;2,51998;0
SMJYB03_20220409_145902.wav;test;09/04/2022 14:59;3_test;8830,822241;62,44446447;0,907171394;2,516606;0
SMJYB03_20220409_152902.wav;test;09/04/2022 15:29;3_test;8829,667946;62,526966;0,907188632;2,509652;1
SMJYB03_20220409_155902.wav;test;09/04/2022 15:59;3_test;8831,259859;62,56114893;0,907134489;2,510786;0
SMJYB03_20220409_162902.wav;test;09/04/2022 16:29;3_test;8830,584645;62,45294175;0,906895238;2,525429;0
SMJYB03_20220409_165902.wav;test;09/04/2022 16:59;3_test;8832,762149;62,76703034;0,907459445;2,526947;0
SMJYB03_20220409_172902.wav;test;09/04/2022 17:29;3_test;8836,437506;63,00488994;0,907701175;2,470301;1
SMJYB03_20220409_175902.wav;test;09/04/2022 17:59;3_test;8840,02987;62,91616072;0,907700138;2,521223;1
SMJYB03_20220409_182902.wav;test;09/04/2022 18:29;3_test;8833,440018;62,86603941;0,907403143;2,50549;1
SMJYB03_20220409_185902.wav;test;09/04/2022 18:59;3_test;8833,492029;62,72314665;0,907068824;2,523806;1
SMJYB03_20220409_192902.wav;test;09/04/2022 19:29;3_test;8831,089895;62,71729816;0,906828426;2,526155;1
SMJYB03_20220409_195902.wav;test;09/04/2022 19:59;3_test;8828,864699;62,71063931;0,906703448;2,523913;1
SMJYB03_20220409_202902.wav;test;09/04/2022 20:29;3_test;8829,017003;62,60612622;0,906730561;2,520593;1
SMJYB03_20220409_205902.wav;test;09/04/2022 20:59;3_test;8827,129397;62,49302233;0,906303123;2,516882;1
SMJYB03_20220409_212902.wav;test;09/04/2022 21:29;3_test;8827,249525;62,57073312;0,906242578;2,524949;1
SMJYB03_20220409_215902.wav;test;09/04/2022 21:59;3_test;8831,238153;62,52776309;0,906148773;2,520047;1
SMJYB03_20220409_222902.wav;test;09/04/2022 22:29;3_test;8828,225537;62,42128878;0,906095413;2,523693;1
SMJYB03_20220409_225902.wav;test;09/04/2022 22:59;3_test;8830,788922;62,37804053;0,906094182;2,522792;1
SMJYB03_20220409_232902.wav;test;09/04/2022 23:29;3_test;8832,412458;62,4936284;0,906142472;2,522217;1
SMJYB03_20220409_235902.wav;test;09/04/2022 23:59;3_test;8824,712904;62,42606091;0,905946424;2,518708;1
SMJYB03_20220410_002902.wav;test;10/04/2022 00:29;3_test;8827,99036;62,39279636;0,905979694;2,518817;1
SMJYB03_20220410_005902.wav;test;10/04/2022 00:59;3_test;8827,35499;62,24762073;0,905738676;2,515552;1
SMJYB03_20220410_012902.wav;test;10/04/2022 01:29;3_test;8823,805884;62,18370415;0,905401602;2,516025;1
SMJYB03_20220410_015902.wav;test;10/04/2022 01:59;3_test;8826,864588;62,18318493;0,905464872;2,516873;1
SMJYB03_20220410_022902.wav;test;10/04/2022 02:29;3_test;8830,519952;62,36416699;0,905813345;2,52103;1
SMJYB03_20220410_025902.wav;test;10/04/2022 02:59;3_test;8824,736532;62,36112545;0,905667351;2,523191;1
SMJYB03_20220410_032902.wav;test;10/04/2022 03:29;3_test;8828,348754;62,35537229;0,905891839;2,517346;1
SMJYB03_20220410_035902.wav;test;10/04/2022 03:59;3_test;8837,878563;62,21213181;0,905861148;2,486707;1
SMJYB03_20220410_042902.wav;test;10/04/2022 04:29;3_test;8834,750113;62,15303556;0,906223017;2,494842;1
SMJYB03_20220410_045902.wav;test;10/04/2022 04:59;3_test;8839,559144;62,42776433;0,906376144;2,499723;1
SMJYB03_20220410_052902.wav;test;10/04/2022 05:29;3_test;8835,27431;62,4693402;0,906369407;2,469961;0
SMJYB03_20220410_055902.wav;test;10/04/2022 05:59;3_test;8832,044988;62,39005401;0,906623413;2,505215;0
SMJYB03_20220410_062902.wav;test;10/04/2022 06:29;3_test;8832,998504;62,43551041;0,906742926;2,519486;0
SMJYB03_20220410_105102.wav;control;10/04/2022 10:51;3_control;9370,064497;43,96995047;0,904526358;2,385142;2
SMJYB03_20220410_112102.wav;control;10/04/2022 11:21;3_control;9070,544746;44,43737339;0,903799229;2,422251;5
SMJYB03_20220410_115102.wav;control;10/04/2022 11:51;3_control;9441,664923;54,2176874;0,907917181;2,493265;1
SMJYB03_20220410_122102.wav;control;10/04/2022 12:21;3_control;9156,686252;41,6970253;0,905117943;2,38036;4
SMJYB03_20220410_125102.wav;control;10/04/2022 12:51;3_control;8926,110852;40,03384337;0,901803484;2,204123;5
SMJYB03_20220410_132102.wav;control;10/04/2022 13:21;3_control;8957,294281;36,95396007;0,90448907;2,389937;4
SMJYB03_20220410_135102.wav;control;10/04/2022 13:51;3_control;8977,378473;44,84898875;0,902889556;2,451839;2
SMJYB03_20220410_142102.wav;control;10/04/2022 14:21;3_control;8857,176858;37,26685559;0,904849256;2,139527;7
SMJYB03_20220410_145102.wav;control;10/04/2022 14:51;3_control;8877,430318;42,22215969;0,904107097;2,29984;5
SMJYB03_20220410_152102.wav;control;10/04/2022 15:21;3_control;8849,009143;37,44829729;0,903713752;2,265757;4
SMJYB03_20220410_155102.wav;control;10/04/2022 15:51;3_control;8848,368203;36,2928849;0,903438022;2,20888;5
SMJYB03_20220410_162102.wav;control;10/04/2022 16:21;3_control;8846,473547;34,33061561;0,904106475;2,194873;5
SMJYB03_20220410_165102.wav;control;10/04/2022 16:51;3_control;8851,32594;35,39826942;0,904163678;2,160965;6
SMJYB03_20220410_172102.wav;control;10/04/2022 17:21;3_control;8962,513684;37,5558405;0,90027638;1,587359;8
SMJYB03_20220410_175102.wav;control;10/04/2022 17:51;3_control;8936,737794;36,35566336;0,902707454;1,755373;5
SMJYB03_20220410_182102.wav;control;10/04/2022 18:21;3_control;8965,304439;40,58876309;0,909985498;1,588007;6
SMJYB03_20220410_185102.wav;control;10/04/2022 18:51;3_control;9000,724295;40,10175225;0,910304344;1,68258;6
SMJYB03_20220410_192102.wav;control;10/04/2022 19:21;3_control;8982,762407;38,52085729;0,907934762;1,745138;4
SMJYB03_20220410_195102.wav;control;10/04/2022 19:51;3_control;8962,267164;39,10830928;0,908908771;1,738603;4
SMJYB03_20220410_202102.wav;control;10/04/2022 20:21;3_control;8964,988547;38,92610115;0,908028072;1,625521;5
SMJYB03_20220410_205102.wav;control;10/04/2022 20:51;3_control;8964,036599;38,53254315;0,904986473;1,505076;4
SMJYB03_20220410_212102.wav;control;10/04/2022 21:21;3_control;8984,409122;38,75437427;0,905362037;1,56384;4
SMJYB03_20220410_215102.wav;control;10/04/2022 21:51;3_control;8983,309446;38,40530454;0,907451497;1,814007;3
SMJYB03_20220410_222102.wav;control;10/04/2022 22:21;3_control;9035,058113;39,54201739;0,91076972;1,862998;3
SMJYB03_20220410_225102.wav;control;10/04/2022 22:51;3_control;8942,780127;39,20659336;0,911234365;1,81739;4
SMJYB03_20220410_232102.wav;control;10/04/2022 23:21;3_control;8952,944995;40,00854586;0,912724628;1,858754;4
SMJYB03_20220410_235102.wav;control;10/04/2022 23:51;3_control;8951,523686;39,0139278;0,911529156;1,547143;4
SMJYB03_20220411_002102.wav;control;11/04/2022 00:21;3_control;8948,68809;38,54357125;0,91127487;1,554461;4
SMJYB03_20220411_005102.wav;control;11/04/2022 00:51;3_control;8967,941773;39,73744325;0,911516586;1,423596;3
SMJYB03_20220411_012102.wav;control;11/04/2022 01:21;3_control;8937,178199;39,25088363;0,911361692;1,536231;5
SMJYB03_20220411_015102.wav;control;11/04/2022 01:51;3_control;8916,798868;38,91266232;0,908012359;1,558039;3
SMJYB03_20220411_022102.wav;control;11/04/2022 02:21;3_control;8902,283363;38,5973581;0,908405427;1,703489;4
SMJYB03_20220411_025102.wav;control;11/04/2022 02:51;3_control;8904,629434;38,75966952;0,909536167;1,744037;4
SMJYB03_20220411_032102.wav;control;11/04/2022 03:21;3_control;8895,273699;39,48502796;0,912704868;1,710064;3
SMJYB03_20220411_035102.wav;control;11/04/2022 03:51;3_control;8890,506441;40,45947806;0,913252526;1,651561;4
SMJYB03_20220411_042102.wav;control;11/04/2022 04:21;3_control;8913,065861;41,82478146;0,915332804;1,602446;4
SMJYB03_20220411_045102.wav;control;11/04/2022 04:51;3_control;8936,450755;43,10506346;0,915514868;1,508518;5
SMJYB03_20220411_052102.wav;control;11/04/2022 05:21;3_control;8978,742424;41,2140144;0,908318967;1,733374;7
SMJYB03_20220411_055102.wav;control;11/04/2022 05:51;3_control;8956,033442;43,35020242;0,905907776;1,982127;7
SMJYB03_20220411_062102.wav;control;11/04/2022 06:21;3_control;9199,371801;38,58224092;0,900726796;2,081168;6
SMJYB03_20220411_065102.wav;control;11/04/2022 06:51;3_control;8840,648541;34,56892337;0,898116307;1,828976;7
SMJYB03_20220411_072102.wav;control;11/04/2022 07:21;3_control;8842,811575;33,54389425;0,901914511;2,056232;4
SMJYB03_20220411_075102.wav;control;11/04/2022 07:51;3_control;8852,723509;35,9734147;0,899212307;2,009405;6
SMJYB03_20220411_082102.wav;control;11/04/2022 08:21;3_control;8850,703543;34,78757753;0,900255831;2,086604;5
SMJYB03_20220411_085102.wav;control;11/04/2022 08:51;3_control;8854,362365;37,66093941;0,900335815;2,096196;4
SMJYB03_20220411_092102.wav;control;11/04/2022 09:21;3_control;8867,761201;36,71304891;0,900120546;2,066392;5
SMJYB03_20220411_095102.wav;control;11/04/2022 09:51;3_control;8896,600042;38,4321634;0,900597515;2,096406;5
SMJYB03_20220411_102102.wav;control;11/04/2022 10:21;3_control;8962,295846;38,10840104;0,90372878;2,235667;5
SMJYB03_20220411_105102.wav;control;11/04/2022 10:51;3_control;8904,600581;37,43093956;0,905238631;2,248362;5
SMJYB03_20220411_112102.wav;control;11/04/2022 11:21;3_control;8914,126071;38,3911645;0,904575348;2,146646;5
SMJYB03_20220411_115102.wav;control;11/04/2022 11:51;3_control;8889,166371;39,33022726;0,90132509;2,180484;5
SMJYB03_20220411_122102.wav;control;11/04/2022 12:21;3_control;8880,519482;38,35255808;0,905494837;2,02812;4
SMJYB03_20220411_125102.wav;control;11/04/2022 12:51;3_control;8855,628824;36,65798669;0,905394175;1,995936;5
SMJYB03_20220411_132102.wav;control;11/04/2022 13:21;3_control;8853,053248;35,20049601;0,907264351;2,13653;4
SMJYB03_20220411_135102.wav;control;11/04/2022 13:51;3_control;8851,608043;34,98407376;0,906281047;2,277218;4
SMJYB03_20220411_142102.wav;control;11/04/2022 14:21;3_control;9475,167443;25,36660377;0,831719353;2,07931;2
SMJYB03_20220411_145102.wav;control;11/04/2022 14:51;3_control;8930,314142;48,47706441;0,880622075;2,32092;2
SMJYB03_20220411_152102.wav;control;11/04/2022 15:21;3_control;9095,295043;40,2561735;0,905447646;2,398793;3
SMJYB03_20220411_155102.wav;control;11/04/2022 15:51;3_control;8870,524932;35,85761732;0,903762484;2,235607;6
SMJYB03_20220411_162102.wav;control;11/04/2022 16:21;3_control;8945,293186;50,50861261;0,90070743;2,542844;1
SMJYB03_20220411_165102.wav;control;11/04/2022 16:51;3_control;9335,70375;47,9954651;0,904668265;2,424857;2
SMJYB03_20220411_172102.wav;control;11/04/2022 17:21;3_control;9141,430017;41,16351972;0,90112804;1,999578;4
SMJYB03_20220411_175102.wav;control;11/04/2022 17:51;3_control;9118,100996;40,67561775;0,905023432;1,769147;5
SMJYB03_20220411_182102.wav;control;11/04/2022 18:21;3_control;9091,585967;41,2550344;0,910757011;1,620557;6
SMJYB03_20220411_185102.wav;control;11/04/2022 18:51;3_control;9012,553595;40,88404374;0,912252247;1,626573;4
SMJYB03_20220411_192102.wav;control;11/04/2022 19:21;3_control;8973,411704;40,30215578;0,91304957;1,643607;5
SMJYB03_20220411_195102.wav;control;11/04/2022 19:51;3_control;8971,008491;40,99136517;0,915120981;1,398009;4
SMJYB03_20220411_202102.wav;control;11/04/2022 20:21;3_control;8953,228191;40,52645446;0,912856506;1,44497;4
SMJYB03_20220411_205102.wav;control;11/04/2022 20:51;3_control;8943,340864;40,37580613;0,912767748;1,429826;4
SMJYB03_20220411_212102.wav;control;11/04/2022 21:21;3_control;8947,609791;40,16888344;0,913571501;1,503203;5
SMJYB03_20220411_215102.wav;control;11/04/2022 21:51;3_control;8940,636326;39,83063311;0,913318535;1,50269;3
SMJYB03_20220411_222102.wav;control;11/04/2022 22:21;3_control;8929,282424;39,28487673;0,914012702;1,692579;3
SMJYB03_20220411_225102.wav;control;11/04/2022 22:51;3_control;8937,56971;39,6652544;0,913857273;1,594185;4
SMJYB03_20220411_232102.wav;control;11/04/2022 23:21;3_control;8937,977535;38,7816789;0,91165362;1,722172;4
SMJYB03_20220411_235102.wav;control;11/04/2022 23:51;3_control;8979,807441;38,20764949;0,909825472;1,632754;4
SMJYB03_20220412_002102.wav;control;12/04/2022 00:21;3_control;8954,735348;38,18912234;0,910662502;1,549253;4
SMJYB03_20220412_005102.wav;control;12/04/2022 00:51;3_control;8959,683024;38,29207815;0,910521005;1,59248;5
SMJYB03_20220412_012102.wav;control;12/04/2022 01:21;3_control;8945,295267;38,93637781;0,908470626;1,734629;5
SMJYB03_20220412_015102.wav;control;12/04/2022 01:51;3_control;8935,658827;38,48683013;0,908943681;1,740258;4
SMJYB03_20220412_022102.wav;control;12/04/2022 02:21;3_control;8944,237921;37,5231829;0,907221317;1,592749;5
SMJYB03_20220412_025102.wav;control;12/04/2022 02:51;3_control;8926,278734;38,1917194;0,906302565;1,698233;4
SMJYB03_20220412_032102.wav;control;12/04/2022 03:21;3_control;8952,599469;39,03415124;0,908046856;1,484414;5
SMJYB03_20220412_035102.wav;control;12/04/2022 03:51;3_control;8952,677007;39,84741987;0,910399026;1,468048;5
SMJYB03_20220412_042102.wav;control;12/04/2022 04:21;3_control;8924,709815;40,60865537;0,911911925;1,747444;6
SMJYB03_20220412_045102.wav;control;12/04/2022 04:51;3_control;8888,698093;41,83104168;0,908622488;1,785143;7
SMJYB03_20220412_052102.wav;control;12/04/2022 05:21;3_control;8894,375204;39,28091807;0,906940541;1,784796;6
SMJYB03_20220412_055102.wav;control;12/04/2022 05:51;3_control;8893,538205;38,83869608;0,897587881;1,952291;6
SMJYB03_20220412_062102.wav;control;12/04/2022 06:21;3_control;8831,241866;35,84915838;0,898320451;2,01828;5
SMJYB05_20220408_105102.wav;test;08/04/2022 10:51;5_test;8816,075462;64,63749141;0,917701852;2,599712;1
SMJYB05_20220408_112102.wav;test;08/04/2022 11:21;5_test;8816,87839;64,77564901;0,917511197;2,638519;1
SMJYB05_20220408_115102.wav;test;08/04/2022 11:51;5_test;8822,473945;64,8596805;0,917077981;2,622059;1
SMJYB05_20220408_122102.wav;test;08/04/2022 12:21;5_test;8816,913679;64,85652354;0,917225957;2,548104;1
SMJYB05_20220408_125102.wav;test;08/04/2022 12:51;5_test;8814,607894;64,75465298;0,917429909;2,619527;1
SMJYB05_20220408_132102.wav;test;08/04/2022 13:21;5_test;8816,23963;64,78853387;0,917152392;2,626355;1
SMJYB05_20220408_135102.wav;test;08/04/2022 13:51;5_test;8816,399777;64,7271216;0,917063704;2,636865;1
SMJYB05_20220408_142102.wav;test;08/04/2022 14:21;5_test;8812,829625;64,77866566;0,91725094;2,631505;1
SMJYB05_20220408_145102.wav;test;08/04/2022 14:51;5_test;8814,494556;64,78694846;0,917234457;2,595498;1
SMJYB05_20220408_152102.wav;test;08/04/2022 15:21;5_test;8814,794907;64,82231415;0,917434872;2,613643;1
SMJYB05_20220408_155102.wav;test;08/04/2022 15:51;5_test;8817,042365;64,84843646;0,9173655;2,624928;1
SMJYB05_20220408_162102.wav;test;08/04/2022 16:21;5_test;8814,908357;64,89915246;0,917209518;2,555168;1
SMJYB05_20220408_165102.wav;test;08/04/2022 16:51;5_test;8814,864762;64,91636183;0,917464955;2,609324;1
SMJYB05_20220408_172102.wav;test;08/04/2022 17:21;5_test;8813,605928;64,87284874;0,917144315;2,63428;1
SMJYB05_20220408_175102.wav;test;08/04/2022 17:51;5_test;8817,07471;64,92952582;0,917244651;2,56089;1
SMJYB05_20220408_182102.wav;test;08/04/2022 18:21;5_test;8814,1403;64,95218309;0,916940963;2,635576;2
SMJYB05_20220408_185102.wav;test;08/04/2022 18:51;5_test;8816,545711;64,94782508;0,916897402;2,631425;2
SMJYB05_20220408_192102.wav;test;08/04/2022 19:21;5_test;8817,471247;64,84006176;0,916819563;2,629453;2
SMJYB05_20220408_195102.wav;test;08/04/2022 19:51;5_test;8816,183392;64,7815708;0,916763046;2,627653;2
SMJYB05_20220408_202102.wav;test;08/04/2022 20:21;5_test;8814,415754;64,79202321;0,916488598;2,626868;2
SMJYB05_20220408_205102.wav;test;08/04/2022 20:51;5_test;8814,956143;64,91255452;0,916797263;2,632388;2
SMJYB05_20220408_212102.wav;test;08/04/2022 21:21;5_test;8815,565338;64,82768423;0,916577546;2,625069;2
SMJYB05_20220408_215102.wav;test;08/04/2022 21:51;5_test;8819,869676;64,73636259;0,916403589;2,630073;2
SMJYB05_20220408_222102.wav;test;08/04/2022 22:21;5_test;9028,788971;65,81999616;0,920553685;2,534244;1
SMJYB05_20220408_225102.wav;test;08/04/2022 22:51;5_test;8838,928676;65,0588409;0,917375539;2,620022;2
SMJYB05_20220408_232102.wav;test;08/04/2022 23:21;5_test;8822,383481;64,94106963;0,917033909;2,623728;1
SMJYB05_20220408_235102.wav;test;08/04/2022 23:51;5_test;8818,494512;64,88892445;0,916909427;2,630938;1
SMJYB05_20220409_002102.wav;test;09/04/2022 00:21;5_test;8816,31154;64,93195915;0,916906137;2,62668;2
SMJYB05_20220409_005102.wav;test;09/04/2022 00:51;5_test;8821,000189;64,91022142;0,916851075;2,624456;2
SMJYB05_20220409_012102.wav;test;09/04/2022 01:21;5_test;8814,110016;64,9702177;0,91697726;2,621642;2
SMJYB05_20220409_015102.wav;test;09/04/2022 01:51;5_test;8844,905102;65,18555805;0,917754077;2,589246;2
SMJYB05_20220409_022102.wav;test;09/04/2022 02:21;5_test;8838,075599;65,02879626;0,917360239;2,603903;2
SMJYB05_20220409_025102.wav;test;09/04/2022 02:51;5_test;8818,970699;64,97135029;0,916768496;2,616411;2
SMJYB05_20220409_032102.wav;test;09/04/2022 03:21;5_test;8815,057122;64,95786778;0,916493307;2,633214;1
SMJYB05_20220409_035102.wav;test;09/04/2022 03:51;5_test;8815,953084;64,95819295;0,916571208;2,611513;2
SMJYB05_20220409_042102.wav;test;09/04/2022 04:21;5_test;8817,263851;64,93394378;0,916411451;2,633266;2
SMJYB05_20220409_045102.wav;test;09/04/2022 04:51;5_test;8814,721992;64,99381317;0,916519992;2,628203;2
SMJYB05_20220409_052102.wav;test;09/04/2022 05:21;5_test;8819,234047;64,95443301;0,916702674;2,615722;2
SMJYB05_20220409_055102.wav;test;09/04/2022 05:51;5_test;9120,208998;65,42108257;0,920437559;2,577296;1
SMJYB05_20220409_062102.wav;test;09/04/2022 06:21;5_test;8879,104136;65,02681268;0,917574921;2,536385;1
SMJYB05_20220409_065102.wav;test;09/04/2022 06:51;5_test;9362,75049;66,01867151;0,922277578;2,540961;1
SMJYB05_20220409_072102.wav;test;09/04/2022 07:21;5_test;9562,102061;61,79629363;0,920029786;2,546019;1
SMJYB05_20220409_075102.wav;test;09/04/2022 07:51;5_test;9094,50969;65,42857133;0,919442775;2,563158;1
SMJYB05_20220409_082102.wav;test;09/04/2022 08:21;5_test;8839,343833;65,12993802;0,917933236;2,629146;1
SMJYB05_20220409_085102.wav;test;09/04/2022 08:51;5_test;8816,872375;64,88789151;0,917834428;2,589661;1
SMJYB05_20220409_092102.wav;test;09/04/2022 09:21;5_test;8816,126603;65,10778368;0,917766974;2,58778;1
SMJYB05_20220409_095102.wav;test;09/04/2022 09:51;5_test;8810,167408;65,02958678;0,917790391;2,579892;1
SMJYB05_20220409_102102.wav;test;09/04/2022 10:21;5_test;8815,096149;65,12114974;0,918104444;2,630487;1
SMJYB05_20220409_105102.wav;test;09/04/2022 10:51;5_test;8816,768919;65,13997035;0,917957934;2,601751;1
SMJYB05_20220409_112102.wav;test;09/04/2022 11:21;5_test;8818,725335;65,07819506;0,918090124;2,620348;1
SMJYB05_20220409_115102.wav;test;09/04/2022 11:51;5_test;8815,983681;65,03016344;0,917893321;2,623794;1
SMJYB05_20220409_122102.wav;test;09/04/2022 12:21;5_test;8816,327439;64,94084526;0,917607151;2,611758;1
SMJYB05_20220409_125102.wav;test;09/04/2022 12:51;5_test;8817,929009;64,96082927;0,91765387;2,632151;1
SMJYB05_20220409_132102.wav;test;09/04/2022 13:21;5_test;8814,171995;65,02211607;0,917629164;2,633016;1
SMJYB05_20220409_135102.wav;test;09/04/2022 13:51;5_test;8815,423217;65,04685571;0,917842231;2,624388;1
SMJYB05_20220409_142102.wav;test;09/04/2022 14:21;5_test;8814,756746;65,10221008;0,91786182;2,610536;1
SMJYB05_20220409_145102.wav;test;09/04/2022 14:51;5_test;8815,485606;65,01287223;0,917632141;2,619208;1
SMJYB05_20220409_152102.wav;test;09/04/2022 15:21;5_test;8816,670047;64,96711735;0,917721443;2,638588;1
SMJYB05_20220409_155102.wav;test;09/04/2022 15:51;5_test;8817,650581;64,95680457;0,917538504;2,628313;1
SMJYB05_20220409_162102.wav;test;09/04/2022 16:21;5_test;8816,574663;64,81905933;0,917453283;2,621391;1
SMJYB05_20220409_165102.wav;test;09/04/2022 16:51;5_test;8816,114667;64,89362704;0,917231951;2,630582;1
SMJYB05_20220409_172102.wav;test;09/04/2022 17:21;5_test;8817,588504;64,99478435;0,917473194;2,630728;1
SMJYB05_20220409_175102.wav;test;09/04/2022 17:51;5_test;8819,93586;64,98321068;0,917112547;2,542441;1
SMJYB05_20220409_182102.wav;test;09/04/2022 18:21;5_test;8814,645228;65,18152805;0,917289981;2,625516;2
SMJYB05_20220409_185102.wav;test;09/04/2022 18:51;5_test;8818,602255;65,03943507;0,917057585;2,632041;2
SMJYB05_20220409_192102.wav;test;09/04/2022 19:21;5_test;8816,630425;64,9084991;0,916859048;2,633865;2
SMJYB05_20220409_195102.wav;test;09/04/2022 19:51;5_test;8813,872078;64,92674013;0,916865835;2,627393;2
SMJYB05_20220409_202102.wav;test;09/04/2022 20:21;5_test;8814,436423;64,86504135;0,916693149;2,624212;2
SMJYB05_20220409_205102.wav;test;09/04/2022 20:51;5_test;8817,965031;64,77702514;0,916416059;2,624595;2
SMJYB05_20220409_212102.wav;test;09/04/2022 21:21;5_test;8815,63134;64,69937124;0,916337199;2,631231;2
SMJYB05_20220409_215102.wav;test;09/04/2022 21:51;5_test;8813,87573;64,69437909;0,916469274;2,622412;1
SMJYB05_20220409_222102.wav;test;09/04/2022 22:21;5_test;8817,52808;64,69569824;0,916092146;2,625032;1
SMJYB05_20220409_225102.wav;test;09/04/2022 22:51;5_test;8817,318199;64,68494674;0,916151635;2,621628;1
SMJYB05_20220409_232102.wav;test;09/04/2022 23:21;5_test;8815,839598;64,72505332;0,91624033;2,613155;2
SMJYB05_20220409_235102.wav;test;09/04/2022 23:51;5_test;8814,630265;64,69467308;0,91606085;2,627046;2
SMJYB05_20220410_002102.wav;test;10/04/2022 00:21;5_test;8815,881591;64,69267473;0,916009617;2,625142;2
SMJYB05_20220410_005102.wav;test;10/04/2022 00:51;5_test;8816,310137;64,6739608;0,916115395;2,61964;2
SMJYB05_20220410_012102.wav;test;10/04/2022 01:21;5_test;8816,834125;64,63671514;0,915929107;2,626928;2
SMJYB05_20220410_015102.wav;test;10/04/2022 01:51;5_test;8815,142351;64,62701032;0,915884548;2,629443;2
SMJYB05_20220410_022102.wav;test;10/04/2022 02:21;5_test;8817,074751;64,56993608;0,91588381;2,626835;2
SMJYB05_20220410_025102.wav;test;10/04/2022 02:51;5_test;8814,312977;64,64473489;0,916046287;2,624299;2
SMJYB05_20220410_032102.wav;test;10/04/2022 03:21;5_test;8816,888164;64,68608634;0,915931885;2,619724;2
SMJYB05_20220410_035102.wav;test;10/04/2022 03:51;5_test;8814,96225;64,6949293;0,91586576;2,631486;2
SMJYB05_20220410_042102.wav;test;10/04/2022 04:21;5_test;8816,034075;64,74022509;0,915820636;2,626166;2
SMJYB05_20220410_045102.wav;test;10/04/2022 04:51;5_test;8816,975617;64,78541841;0,91597502;2,60983;2
SMJYB05_20220410_052102.wav;test;10/04/2022 05:21;5_test;8817,867235;64,59138092;0,916085732;2,582464;1
SMJYB05_20220410_055102.wav;test;10/04/2022 05:51;5_test;8818,495264;64,57498408;0,916271613;2,605227;1
SMJYB05_20220410_062102.wav;test;10/04/2022 06:21;5_test;8821,299686;64,54161479;0,916477987;2,566386;1
SMJYB05_20220410_110302.wav;control;10/04/2022 11:03;5_control;9184,220949;40,10253209;0,905861865;2,209357;10
SMJYB05_20220410_113303.wav;control;10/04/2022 11:33;5_control;9314,704711;63,787162;0,922556854;2,539807;1
SMJYB05_20220410_120302.wav;control;10/04/2022 12:03;5_control;9276,292004;46,44208505;0,909536806;2,419416;2
SMJYB05_20220410_123303.wav;control;10/04/2022 12:33;5_control;8996,264595;33,81830362;0,90614276;2,142032;6
SMJYB05_20220410_130303.wav;control;10/04/2022 13:03;5_control;8916,948779;34,15483518;0,90498584;2,272094;3
SMJYB05_20220410_133302.wav;control;10/04/2022 13:33;5_control;8969,237626;39,70747227;0,908728564;2,333796;4
SMJYB05_20220410_140303.wav;control;10/04/2022 14:03;5_control;8910,072007;40,88330823;0,904548646;2,309601;3
SMJYB05_20220410_143303.wav;control;10/04/2022 14:33;5_control;8874,715158;35,71328268;0,903717425;2,184882;6
SMJYB05_20220410_150302.wav;control;10/04/2022 15:03;5_control;8865,213792;39,72544105;0,906027229;2,340036;3
SMJYB05_20220410_153303.wav;control;10/04/2022 15:33;5_control;8852,261821;35,35833042;0,903284984;2,170784;5
SMJYB05_20220410_160303.wav;control;10/04/2022 16:03;5_control;8827,316389;35,23567581;0,90026597;2,118548;5
SMJYB05_20220410_163303.wav;control;10/04/2022 16:33;5_control;8819,75906;36,144836;0,899239657;1,975887;9
SMJYB05_20220410_170303.wav;control;10/04/2022 17:03;5_control;8847,952486;35,06809552;0,900789223;1,954522;8
SMJYB05_20220410_173303.wav;control;10/04/2022 17:33;5_control;8861,68325;34,99653928;0,898668339;1,840522;5
SMJYB05_20220410_180302.wav;control;10/04/2022 18:03;5_control;8909,55762;35,3408545;0,900980897;1,685263;5
SMJYB05_20220410_183302.wav;control;10/04/2022 18:33;5_control;8935,136323;36,31979779;0,903566736;1,483444;3
SMJYB05_20220410_190303.wav;control;10/04/2022 19:03;5_control;8899,750726;35,93279135;0,902612103;1,573901;5
SMJYB05_20220410_193302.wav;control;10/04/2022 19:33;5_control;8895,962116;36,08134221;0,901105877;1,733123;6
SMJYB05_20220410_200303.wav;control;10/04/2022 20:03;5_control;8938,513319;36,47800856;0,901479895;1,655427;6
SMJYB05_20220410_203303.wav;control;10/04/2022 20:33;5_control;8908,05184;35,46161338;0,900302889;1,768299;5
SMJYB05_20220410_210303.wav;control;10/04/2022 21:03;5_control;8914,805369;36,57640737;0,89956388;1,734576;6
SMJYB05_20220410_213302.wav;control;10/04/2022 21:33;5_control;8927,362164;37,25653087;0,902161451;1,810184;5
SMJYB05_20220410_220303.wav;control;10/04/2022 22:03;5_control;8918,292896;37,09166676;0,902098227;1,806655;5
SMJYB05_20220410_223303.wav;control;10/04/2022 22:33;5_control;8906,40764;36,6473952;0,902478944;1,888332;3
SMJYB05_20220410_230302.wav;control;10/04/2022 23:03;5_control;8904,264924;36,35782762;0,903760179;1,802631;3
SMJYB05_20220410_233303.wav;control;10/04/2022 23:33;5_control;8912,651438;36,4799821;0,904062175;1,712253;4
SMJYB05_20220411_000303.wav;control;11/04/2022 00:03;5_control;8903,93155;37,09326134;0,904284025;1,904902;3
SMJYB05_20220411_003303.wav;control;11/04/2022 00:33;5_control;8933,771668;37,18725983;0,904140857;1,837191;6
SMJYB05_20220411_010302.wav;control;11/04/2022 01:03;5_control;8925,882898;37,31836778;0,904380253;1,689177;5
SMJYB05_20220411_013303.wav;control;11/04/2022 01:33;5_control;8895,375428;36,81841992;0,903008369;1,810516;6
SMJYB05_20220411_020303.wav;control;11/04/2022 02:03;5_control;8912,403081;37,05451587;0,903229577;1,840263;5
SMJYB05_20220411_023303.wav;control;11/04/2022 02:33;5_control;8904,939079;37,01934877;0,904365959;1,752015;6
SMJYB05_20220411_030302.wav;control;11/04/2022 03:03;5_control;8936,708642;37,53702403;0,905047146;1,681439;6
SMJYB05_20220411_033303.wav;control;11/04/2022 03:33;5_control;8959,299777;38,69347626;0,908600486;1,768503;5
SMJYB05_20220411_040303.wav;control;11/04/2022 04:03;5_control;8974,407696;39,95329991;0,907601286;1,68357;6
SMJYB05_20220411_043303.wav;control;11/04/2022 04:33;5_control;8952,618711;40,32680121;0,909974925;1,660436;6
SMJYB05_20220411_050302.wav;control;11/04/2022 05:03;5_control;8948,073594;40,55330141;0,908671141;1,839407;6
SMJYB05_20220411_053303.wav;control;11/04/2022 05:33;5_control;8987,418144;39,27950011;0,902959502;1,974947;11
SMJYB05_20220411_060303.wav;control;11/04/2022 06:03;5_control;8853,563485;36,3016421;0,89862247;2,059854;5
SMJYB05_20220411_063302.wav;control;11/04/2022 06:33;5_control;8839,969163;32,28825085;0,901947757;2,066169;4
SMJYB05_20220411_070303.wav;control;11/04/2022 07:03;5_control;8871,572663;33,64480462;0,899475436;1,963319;4
SMJYB05_20220411_073303.wav;control;11/04/2022 07:33;5_control;8847,931129;34,96795894;0,895759477;1,97025;5
SMJYB05_20220411_080302.wav;control;11/04/2022 08:03;5_control;8851,873884;34,99240694;0,89681164;1,541361;5
SMJYB05_20220411_083302.wav;control;11/04/2022 08:33;5_control;8869,588494;35,5111039;0,902397157;1,779501;9
SMJYB05_20220411_090303.wav;control;11/04/2022 09:03;5_control;8853,516865;36,7684149;0,895975544;1,757864;5
SMJYB05_20220411_093303.wav;control;11/04/2022 09:33;5_control;8841,091209;32,77961943;0,901867846;1,989071;4
SMJYB05_20220411_100302.wav;control;11/04/2022 10:03;5_control;8898,215112;36,42305036;0,904672233;1,962168;7
SMJYB05_20220411_103303.wav;control;11/04/2022 10:33;5_control;8881,557181;35,30812939;0,904911668;2,051049;4
SMJYB05_20220411_110303.wav;control;11/04/2022 11:03;5_control;8868,501344;35,79475894;0,906747292;2,087519;4
SMJYB05_20220411_113303.wav;control;11/04/2022 11:33;5_control;8882,995848;33,8725845;0,907109017;1,881724;4
SMJYB05_20220411_120303.wav;control;11/04/2022 12:03;5_control;8891,584034;36,0506877;0,908565921;2,145482;4
SMJYB05_20220411_123302.wav;control;11/04/2022 12:33;5_control;8869,500949;35,28158524;0,907572864;2,166081;3
SMJYB05_20220411_130303.wav;control;11/04/2022 13:03;5_control;8847,278823;34,35285294;0,908305551;2,159393;3
SMJYB05_20220411_133303.wav;control;11/04/2022 13:33;5_control;8877,766941;37,62129672;0,908592993;2,311341;3
SMJYB05_20220411_140303.wav;control;11/04/2022 14:03;5_control;8845,722656;33,46191417;0,894150271;2,173051;5
SMJYB05_20220411_143303.wav;control;11/04/2022 14:33;5_control;8929,969789;36,40864595;0,889427403;1,8542;5
SMJYB05_20220411_150303.wav;control;11/04/2022 15:03;5_control;9085,720414;49,47691805;0,907094298;2,554029;1
